code,20-07-10_close,20-07-10_volume
8411,130.0,95937800.0
8306,410.0,65546300.0
1357,795.0,64452284.0
7647,30.0,47907100.0
8894,45.0,40092700.0
9984,6267.0,30112500.0
9424,210.0,28473600.0
9318,10.0,25029100.0
1699,104.0,21575640.0
4563,1703.0,21356000.0
7201,374.8,20675800.0
1757,130.0,20671600.0
4689,532.0,20131700.0
8604,483.7,19761600.0
9973,72.0,16876800.0
4599,963.0,16393200.0
7610,119.0,14996100.0
5020,374.8,14968500.0
6731,55.0,13309900.0
6740,43.0,12878600.0
1605,598.2,12446500.0
7707,1521.0,12260600.0
8028,2306.0,11457400.0
8308,360.3,10755700.0
8256,297.0,10609800.0
2038,252.0,10607827.0
2586,573.0,10231200.0
3911,1076.0,10152800.0
7211,258.0,9895000.0
3323,130.0,9824000.0
4005,312.0,9571300.0
6758,7780.0,8899600.0
8918,10.0,8897800.0
8591,1278.0,7910200.0
6723,592.0,7885700.0
9434,1393.5,7817600.0
3289,433.0,7718800.0
8002,469.3,7709900.0
7453,1371.0,7706200.0
3528,39.0,7679800.0
8801,1710.0,7554100.0
9501,305.0,7231000.0
8515,214.0,7203300.0
1671,839.0,7199233.0
6093,240.0,7075900.0
1491,20.0,7019500.0
8570,889.0,6915600.0
4755,988.0,6826200.0
7751,2007.0,6797800.0
8316,2980.0,6720700.0
4591,613.0,6676500.0
7203,6568.0,6646300.0
4902,360.0,6618500.0
6472,198.0,6409700.0
1570,19040.0,6397616.0
6752,954.9,6310900.0
8848,172.0,6106700.0
8410,277.0,6100000.0
4347,123.0,6051500.0
9201,1907.0,5902400.0
7261,628.0,5878500.0
6178,750.8,5775600.0
8601,464.2,5751500.0
2191,1314.0,5618300.0
4503,1713.5,5595800.0
2768,229.0,5293400.0
2914,1930.0,5179300.0
9433,3265.0,5084800.0
4502,3670.0,5057100.0
9202,2347.5,4982700.0
3402,484.2,4897500.0
6098,3570.0,4841000.0
8585,107.0,4835600.0
7186,335.0,4801200.0
8031,1560.0,4758800.0
9399,103.0,4756092.0
9613,1191.0,4748200.0
8789,46.0,4670900.0
5406,353.0,4640000.0
8750,1278.5,4566800.0
7733,1978.0,4558000.0
5401,980.3,4549600.0
7267,2636.5,4549000.0
9432,2515.0,4509100.0
3436,1620.0,4492000.0
8802,1503.5,4374700.0
5411,750.0,4339000.0
2315,36.0,4208700.0
8001,2296.0,4110500.0
9831,492.0,4017200.0
8053,1205.0,4007900.0
5940,83.0,3947700.0
9603,1592.0,3921600.0
6803,132.0,3919800.0
3382,3304.0,3905700.0
3667,757.0,3886000.0
4188,607.3,3881700.0
8107,26.0,3860100.0
6503,1376.5,3782600.0
8058,2241.5,3735600.0
9437,2935.5,3702000.0
3099,574.0,3681800.0
1360,1931.0,3665390.0
6770,1313.0,3506800.0
3639,498.0,3499700.0
2413,4895.0,3438700.0
3407,823.6,3433000.0
7167,245.0,3432500.0
3765,1987.0,3430800.0
4543,3899.0,3405900.0
8473,2133.0,3394500.0
6857,6960.0,3352500.0
8795,901.0,3311200.0
7752,766.0,3282800.0
4712,132.0,3272500.0
6113,790.0,3216800.0
9704,33.0,3200100.0
8267,2386.5,3186800.0
3086,658.0,3102400.0
3563,2415.0,3067900.0
4499,5720.0,3039700.0
4519,5398.0,3028500.0
6501,3342.0,3000800.0
7182,803.0,2978200.0
8593,477.0,2957800.0
6628,11.0,2940200.0
7270,2129.5,2902800.0
4597,216.0,2892300.0
7272,1625.0,2877500.0
7013,1492.0,2827400.0
6301,2160.0,2743400.0
3861,465.0,2697700.0
4385,4030.0,2690900.0
6629,1010.0,2682000.0
7269,3652.0,2680500.0
9024,1135.0,2680400.0
5803,304.0,2620200.0
1332,449.0,2588200.0
6326,1518.0,2572100.0
6291,1151.0,2562500.0
7352,3150.0,2552100.0
9064,2679.0,2536300.0
8253,1071.0,2524300.0
2337,238.0,2476200.0
4766,195.0,2474000.0
7731,834.0,2449300.0
8925,54.0,2439500.0
8331,504.0,2426500.0
4564,127.0,2424300.0
6819,95.0,2405400.0
5108,3390.0,2398800.0
9503,1060.0,2384700.0
4571,435.0,2379600.0
7762,317.0,2373100.0
1925,2416.0,2349500.0
4666,1672.0,2348100.0
4901,4639.0,2344500.0
7205,687.0,2343600.0
4594,248.0,2337700.0
2471,661.0,2321400.0
6471,744.0,2320300.0
1802,977.0,2285800.0
6473,761.0,2282900.0
6754,2488.0,2280300.0
6976,3310.0,2279300.0
6506,4110.0,2279000.0
8830,2580.5,2227200.0
6920,11510.0,2210400.0
1689,2.0,2203400.0
2427,585.0,2201400.0
8355,682.0,2182700.0
1928,2022.5,2179600.0
8233,801.0,2173500.0
2134,71.0,2161400.0
3659,2593.0,2145900.0
8358,355.0,2112400.0
4583,300.0,2072000.0
8783,209.0,2056600.0
7202,915.4,2023400.0
9005,1382.0,2022200.0
2503,2086.5,2013700.0
5301,970.0,1987000.0
2502,3587.0,1979900.0
1803,836.0,1979400.0
6835,124.0,1968900.0
5802,1215.0,1957100.0
6479,1836.0,1953800.0
3387,601.0,1952400.0
3197,1605.0,1944300.0
2370,94.0,1861600.0
6724,1173.0,1851700.0
6993,30.0,1843400.0
9876,273.0,1842600.0
7532,2420.0,1839600.0
4324,2393.0,1814200.0
4321,480.0,1813000.0
5019,2248.0,1794400.0
8804,1132.0,1784000.0
3038,6520.0,1783300.0
9502,1334.5,1749000.0
2802,1721.5,1741100.0
3940,390.0,1728300.0
6967,1655.0,1711300.0
4911,6712.0,1705700.0
6981,6480.0,1704500.0
8766,4663.0,1698000.0
9726,1007.0,1694600.0
8219,608.0,1692200.0
7148,527.0,1685100.0
3048,1148.0,1681200.0
1808,1304.0,1679200.0
2371,2824.0,1671500.0
8572,374.0,1666400.0
5703,182.0,1662500.0
5713,3157.0,1644100.0
6701,5550.0,1637600.0
7351,1998.0,1635900.0
8252,1693.0,1631600.0
6937,1122.0,1615300.0
6952,1859.0,1612600.0
4568,8459.0,1597600.0
6619,711.0,1594900.0
1306,1583.0,1594290.0
6727,571.0,1593400.0
6366,264.0,1577500.0
9983,60280.0,1577400.0
9021,5389.0,1575000.0
4714,293.0,1575000.0
4507,6134.0,1568300.0
4680,706.0,1558000.0
9020,7116.0,1554200.0
4764,143.0,1533000.0
4912,2645.0,1523600.0
8035,29610.0,1520100.0
6753,1122.0,1516000.0
8698,217.0,1505400.0
6632,151.0,1481700.0
8697,2540.0,1466400.0
4344,272.0,1440600.0
8905,1238.0,1439200.0
6902,4071.0,1430400.0
1963,1094.0,1428800.0
9104,1911.0,1411000.0
4528,2910.0,1409900.0
8309,2907.5,1381100.0
6971,5637.0,1373400.0
1615,120.0,1355700.0
1812,1232.0,1352900.0
9101,1466.0,1329700.0
8616,230.0,1326500.0
3941,816.0,1322100.0
8836,31.0,1302800.0
4751,5980.0,1294400.0
8016,284.0,1290000.0
8011,577.0,1287300.0
3390,73.0,1283600.0
3064,4540.0,1274700.0
3003,940.0,1270500.0
8113,4873.0,1270400.0
4293,202.0,1263400.0
9506,1009.0,1259500.0
5202,360.0,1257000.0
5938,1471.0,1250700.0
3092,2584.0,1249900.0
4578,4446.0,1249300.0
3686,501.0,1243600.0
3405,1080.0,1233700.0
9684,5520.0,1232900.0
7238,163.0,1231700.0
5334,1424.0,1227900.0
7012,1487.0,1219500.0
4763,1307.0,1208400.0
8304,1824.0,1207200.0
3719,145.0,1203700.0
6502,3510.0,1203200.0
4202,764.0,1201700.0
6072,214.0,1199000.0
5201,2976.0,1179900.0
4588,2583.0,1175400.0
6594,6985.0,1173500.0
6762,10480.0,1168800.0
3782,286.0,1160000.0
9504,1400.0,1159100.0
4644,1050.0,1153700.0
6925,1317.0,1152600.0
8725,2859.5,1140100.0
7011,2538.0,1137400.0
4523,8723.0,1134700.0
2002,1522.0,1129100.0
6298,657.0,1126000.0
8282,1351.0,1120400.0
4477,6530.0,1116500.0
7832,5762.0,1107000.0
3186,959.0,1104100.0
9509,398.0,1095800.0
4452,8409.0,1090400.0
4497,7860.0,1089300.0
4042,1427.0,1081800.0
2433,1133.0,1081500.0
6584,619.0,1065900.0
8359,392.0,1065400.0
2379,2160.0,1064900.0
5901,1134.0,1061300.0
2705,3050.0,1054900.0
3050,1271.0,1054200.0
6988,5850.0,1050900.0
6954,19725.0,1047400.0
2121,2101.0,1046800.0
3825,91.0,1042300.0
6141,1245.0,1041400.0
7181,1407.0,1037000.0
9716,777.0,1032600.0
4978,439.0,1031600.0
6841,1598.0,1030900.0
4063,12410.0,1028800.0
8334,321.0,1026800.0
3966,1988.0,1026700.0
1447,640.0,1025600.0
1459,3155.0,1013326.0
4506,1347.0,1011500.0
6448,1833.0,1010300.0
8303,1264.0,1006600.0
4182,1603.0,1003000.0
4651,260.0,999400.0
3681,1238.0,987600.0
9735,9242.0,985900.0
8589,65.0,985500.0
9107,1030.0,979800.0
5333,1382.0,974300.0
7831,159.0,972300.0
3656,709.0,972000.0
9508,893.0,967700.0
6383,10030.0,964800.0
6367,18415.0,961700.0
4091,1774.0,957300.0
8508,282.0,949100.0
3105,734.0,948000.0
4704,6180.0,947300.0
8704,84.0,942300.0
7741,10735.0,937100.0
6444,280.0,935700.0
1893,572.0,933100.0
4004,2271.0,931100.0
4062,3130.0,927800.0
3697,12780.0,926800.0
7616,1332.0,925000.0
2160,1569.0,924800.0
3777,23.0,917300.0
9616,3605.0,916400.0
4183,2167.0,912800.0
4776,3490.0,912300.0
8729,2597.0,911100.0
1801,3780.0,906500.0
8015,2663.0,903800.0
7180,432.0,902300.0
2303,2399.0,901800.0
3689,1602.0,901600.0
4485,6010.0,900700.0
7974,48680.0,899400.0
5214,1629.0,896400.0
9142,2525.0,893300.0
4151,2680.0,882700.0
4565,1522.0,881000.0
5110,964.0,880600.0
3926,1263.0,878900.0
2651,5500.0,878300.0
4088,1454.0,876500.0
2181,1378.0,872900.0
3660,281.0,869700.0
6095,3040.0,868600.0
4307,2897.0,861800.0
4974,3010.0,861100.0
1973,2211.0,860300.0
8630,3641.0,859300.0
6305,3000.0,858100.0
2929,1084.0,857800.0
9531,2568.5,857500.0
4185,2110.0,855300.0
9766,3270.0,844000.0
7732,806.0,843400.0
4536,1857.0,830800.0
6407,2121.0,828200.0
6183,1669.0,826900.0
4732,1646.0,824800.0
2353,138.0,824000.0
8524,201.0,823700.0
9513,1759.0,819000.0
9861,2003.0,818800.0
5856,70.0,814800.0
7936,1195.0,813600.0
4676,968.0,812300.0
7912,2417.0,809700.0
7259,3000.0,809400.0
5929,890.0,805200.0
8354,1629.0,803500.0
6755,2400.0,803500.0
3989,403.0,799900.0
5233,2283.0,798600.0
7951,4710.0,798500.0
7911,1693.0,797100.0
3415,329.0,793000.0
8628,828.0,792700.0
4927,1782.0,791500.0
6538,506.0,788900.0
9532,2112.0,786800.0
2157,374.0,782300.0
4681,1314.0,779100.0
8242,661.0,776900.0
6432,1795.0,771000.0
3664,183.0,771000.0
2531,948.0,770600.0
9743,675.0,768600.0
7513,517.0,764500.0
7735,5270.0,760500.0
3668,1039.0,757800.0
6481,2678.0,754900.0
9007,2570.0,752300.0
4661,13865.0,751500.0
7003,409.0,750000.0
6376,925.0,748000.0
1571,1383.0,747681.0
4204,1466.0,744400.0
6460,1281.0,743400.0
7172,846.0,742300.0
4613,2154.0,740400.0
6666,766.0,735100.0
7779,455.0,732700.0
7599,484.0,731000.0
5912,219.0,729600.0
6395,854.0,727500.0
3031,1004.0,725900.0
2801,4850.0,725300.0
3202,109.0,723600.0
7004,367.0,719600.0
8614,109.0,716700.0
9468,2371.0,714100.0
6101,906.0,708900.0
7581,1846.0,707900.0
2158,691.0,695800.0
4272,1047.0,694500.0
8714,151.0,693800.0
3962,8140.0,692900.0
9412,416.0,691500.0
3632,466.0,691000.0
3626,2250.0,690700.0
3236,138.0,686500.0
2035,844.0,684698.0
3558,1468.0,683200.0
4061,2551.0,680300.0
7701,2876.0,679500.0
4829,271.0,677300.0
6645,7250.0,676500.0
9143,3705.0,673700.0
9022,15055.0,671700.0
3141,8800.0,671700.0
2579,1837.0,671600.0
2432,1290.0,668400.0
2587,4315.0,666900.0
3788,8090.0,665200.0
5801,2550.0,664100.0
2484,1579.0,664000.0
2492,704.0,663700.0
8379,488.0,659700.0
3727,312.0,654900.0
4814,235.0,654200.0
3823,209.0,654100.0
9009,3115.0,648000.0
5101,1452.0,643700.0
3070,421.0,640900.0
9006,1550.0,640400.0
3401,1650.0,638400.0
6855,1464.0,637200.0
1721,3115.0,634000.0
6630,936.0,633300.0
2695,4600.0,632600.0
2930,536.0,631900.0
1482,2521.0,631779.0
1783,50.0,627500.0
2127,4955.0,626800.0
1824,764.0,624800.0
6191,1220.0,621200.0
2120,413.0,618000.0
5955,66.0,617600.0
6702,12960.0,616800.0
6535,777.0,614100.0
3694,3620.0,613000.0
2146,2545.0,613000.0
7867,819.0,611100.0
7747,3000.0,609900.0
6417,2635.0,606000.0
3397,1127.0,605600.0
1911,1293.0,601700.0
4596,295.0,599100.0
6070,737.0,597000.0
1821,448.0,592800.0
4308,2654.0,592300.0
4479,7620.0,591600.0
9416,620.0,586800.0
6955,800.0,586600.0
7527,92.0,585800.0
4587,4640.0,585600.0
9076,1374.0,585200.0
7157,1076.0,584200.0
3103,332.0,582600.0
5486,1275.0,582100.0
1719,589.0,579500.0
2809,1882.0,576900.0
9843,21920.0,574800.0
4582,473.0,568700.0
6201,5460.0,568200.0
6302,2178.0,567200.0
3189,780.0,566900.0
6504,2781.0,566300.0
5105,1384.0,565800.0
2267,6270.0,564700.0
7048,475.0,561100.0
9042,3415.0,561000.0
8705,271.0,558700.0
4021,5510.0,558600.0
7545,1072.0,556400.0
2222,4080.0,552600.0
4384,3550.0,550800.0
6897,885.0,544600.0
7730,2836.0,544100.0
6464,772.0,541200.0
9681,705.0,537900.0
5706,2245.0,534300.0
3677,1400.0,532700.0
3231,1825.0,530300.0
7459,1977.0,524700.0
2372,2417.0,518500.0
7537,517.0,517500.0
3903,982.0,514200.0
7956,4395.0,512300.0
2926,96.0,511800.0
3845,176.0,510900.0
4574,2202.0,508900.0
4205,947.0,507700.0
6387,3170.0,505400.0
5563,160.0,501800.0
8200,2176.0,501300.0
6323,6020.0,500700.0
6239,924.0,500700.0
1343,1783.0,500650.0
9962,2642.0,499400.0
6963,7030.0,497800.0
7606,1583.0,495600.0
8897,339.0,494900.0
2931,736.0,494400.0
9418,1362.0,492800.0
8214,567.0,490700.0
4530,4960.0,489200.0
2784,2177.0,486100.0
3990,2402.0,484600.0
9048,2924.0,483700.0
4739,4175.0,483500.0
9449,2992.0,483100.0
4708,1091.0,482600.0
2193,315.0,480900.0
3808,461.0,480200.0
9001,3380.0,478000.0
6869,7924.0,475300.0
6871,1170.0,474600.0
5332,4155.0,473100.0
2678,3475.0,473000.0
8609,317.0,472100.0
7859,201.0,470900.0
9697,4125.0,470700.0
6572,680.0,467500.0
6058,841.0,466800.0
6888,587.0,466700.0
6315,1396.0,465000.0
7518,3505.0,464900.0
9505,655.0,464400.0
3116,1356.0,462200.0
3902,1231.0,461200.0
3679,312.0,461000.0
7550,2027.0,460900.0
3288,3645.0,459500.0
4558,422.0,459300.0
8346,216.0,458700.0
6861,44840.0,456800.0
8136,1562.0,456200.0
8086,1131.0,453800.0
4768,5640.0,453600.0
3769,11790.0,452900.0
5711,2228.0,452100.0
5423,608.0,451300.0
9404,1143.0,448500.0
2212,1782.0,447600.0
7612,36.0,447500.0
7047,1079.0,447100.0
1695,66.0,444700.0
9062,5600.0,443300.0
6192,232.0,443300.0
8385,652.0,443200.0
5021,1479.0,438400.0
9041,4555.0,438200.0
1356,2086.0,435010.0
4480,3490.0,435000.0
1419,1170.0,434400.0
6670,888.0,433100.0
2871,3040.0,431900.0
3762,1878.0,430600.0
9602,3540.0,430000.0
2229,2973.0,429300.0
9507,775.0,429000.0
4960,240.0,424300.0
3776,210.0,422900.0
8174,4750.0,420400.0
2743,221.0,420000.0
4784,528.0,419700.0
3291,1704.0,419100.0
4208,1757.0,416500.0
3608,336.0,416400.0
4436,2025.0,415700.0
3865,354.0,414300.0
5017,154.0,413600.0
4475,5470.0,412200.0
8739,203.0,411400.0
8923,891.0,411000.0
3449,1349.0,410800.0
7816,1234.0,410200.0
1514,116.0,409100.0
5393,2253.0,408300.0
3927,1576.0,407600.0
7246,272.0,407000.0
2501,1896.0,406200.0
9519,1020.0,404900.0
3565,3920.0,403700.0
9364,2016.0,403100.0
3858,700.0,401900.0
8418,620.0,401700.0
6890,651.0,401500.0
8922,109.0,398800.0
4483,7250.0,396400.0
3053,500.0,392400.0
7014,148.0,391400.0
3863,1407.0,391200.0
7164,3820.0,389900.0
4544,2503.0,389500.0
7085,540.0,385900.0
2170,357.0,384200.0
6674,1762.0,382600.0
6268,3320.0,382100.0
5991,636.0,381900.0
6586,3915.0,381300.0
2607,2786.0,380500.0
2269,8340.0,380100.0
3624,321.0,375500.0
8163,819.0,373200.0
8381,505.0,373000.0
2175,2322.0,371500.0
3222,1221.0,371400.0
2282,4255.0,370700.0
6768,428.0,369800.0
3479,2068.0,369300.0
6071,631.0,368400.0
1579,20250.0,368270.0
6625,228.0,367800.0
3880,1436.0,366900.0
2154,964.0,366500.0
9987,3810.0,366400.0
3665,1262.0,366400.0
7818,1153.0,364400.0
4541,1212.0,364300.0
6088,1511.0,363900.0
8771,2587.0,363300.0
2317,1366.0,363200.0
1366,2072.0,363119.0
6573,1017.0,361500.0
7940,849.0,361400.0
6703,1015.0,361300.0
9301,2694.0,361000.0
1878,9708.0,360800.0
7873,110.0,359400.0
2395,599.0,359400.0
4931,1891.0,359100.0
1860,681.0,357600.0
7564,9900.0,357400.0
8876,1979.0,357100.0
2296,618.0,356100.0
5216,143.0,355600.0
2685,1493.0,355400.0
7746,180.0,352400.0
8586,2331.0,351100.0
3543,1763.0,350800.0
4921,3065.0,350600.0
4549,1594.0,350500.0
4366,810.0,349000.0
8511,485.0,347800.0
8179,1636.0,347700.0
4043,2369.0,345600.0
3672,436.0,344000.0
7908,166.0,341700.0
8439,5220.0,341500.0
4187,2832.0,341200.0
7224,992.0,339700.0
4478,5510.0,337000.0
8806,1013.0,336500.0
9989,3465.0,335800.0
6807,1392.0,335400.0
2341,146.0,334900.0
1552,11690.0,334699.0
1951,2541.0,333600.0
9873,2621.0,333500.0
5714,3245.0,332900.0
2706,1325.0,332600.0
4493,5410.0,331600.0
6875,2047.0,331200.0
8184,2969.0,330200.0
9069,801.0,329200.0
3935,550.0,329100.0
4612,7740.0,328800.0
9119,331.0,327500.0
1720,532.0,326100.0
9511,1745.0,326000.0
7575,1310.0,326000.0
6845,3360.0,324600.0
6080,3920.0,324400.0
7649,7480.0,323500.0
2782,4035.0,323500.0
9706,4375.0,323400.0
2412,2184.0,323000.0
3101,1433.0,321500.0
6480,321.0,321300.0
6235,2465.0,320800.0
8892,763.0,319700.0
6136,1574.0,318000.0
4476,2182.0,317500.0
7309,20980.0,316300.0
3630,4455.0,315400.0
9997,635.0,314900.0
4849,2542.0,314900.0
9423,120.0,313100.0
7412,779.0,312600.0
2730,1033.0,312300.0
4527,3430.0,312100.0
6361,2493.0,311900.0
6027,10700.0,311900.0
6533,1590.0,311700.0
6184,995.0,311500.0
3778,606.0,309600.0
7777,427.0,308700.0
2702,5590.0,308100.0
4848,1279.0,307500.0
7187,308.0,307200.0
3350,73.0,304900.0
1690,397.0,302750.0
3939,927.0,302100.0
2516,759.0,302100.0
2440,685.0,302100.0
3237,78.0,300400.0
6918,3370.0,300300.0
3905,630.0,299100.0
8600,324.0,298300.0
1890,373.0,296300.0
4449,2264.0,295200.0
6465,8680.0,294900.0
5631,1477.0,294900.0
4118,2574.0,294900.0
2928,140.0,294300.0
8713,98.0,293400.0
4592,1581.0,292800.0
3182,2040.0,291800.0
6659,320.0,290900.0
3673,543.0,289300.0
7189,671.0,288400.0
8893,323.0,287200.0
3328,1116.0,287200.0
4448,1730.0,286600.0
6615,382.0,286200.0
3244,1233.0,285900.0
4686,7870.0,284700.0
6541,5880.0,284400.0
7717,3700.0,284100.0
6634,213.0,283700.0
6728,3245.0,283500.0
3134,1882.0,282900.0
8168,753.0,281900.0
1944,1734.0,280100.0
6143,792.0,278900.0
6849,3515.0,278800.0
2060,185.0,278700.0
8920,1194.0,278000.0
1942,877.0,274100.0
9533,5360.0,273300.0
4631,2644.0,272200.0
4584,590.0,272100.0
9783,2766.0,271900.0
2749,256.0,271800.0
9517,1401.0,271200.0
2398,474.0,270900.0
9900,1129.0,270500.0
9045,4585.0,270500.0
6370,2943.0,270100.0
7522,877.0,269400.0
5721,45.0,269200.0
3088,3880.0,268800.0
3661,2390.0,268700.0
5541,1506.0,268500.0
7844,695.0,268300.0
6134,1822.0,267200.0
9008,5830.0,267100.0
3978,709.0,267100.0
8382,952.0,266000.0
7321,385.0,265700.0
1662,1782.0,265000.0
2375,1811.0,264500.0
9832,1345.0,264400.0
4290,851.0,263500.0
6334,371.0,262900.0
9842,1841.0,262800.0
7198,1582.0,262300.0
1435,172.0,262200.0
3539,3385.0,260700.0
7282,2102.0,260200.0
8934,806.0,258000.0
8624,417.0,257600.0
6923,2529.0,257400.0
8133,841.0,257100.0
4970,9980.0,256400.0
2001,1638.0,255500.0
4442,1902.0,254100.0
7049,1398.0,254000.0
3680,473.0,254000.0
2792,1063.0,253300.0
6457,2430.0,253200.0
7618,686.0,252900.0
6199,1051.0,252300.0
5930,724.0,251900.0
7984,1200.0,251200.0
7220,856.0,251100.0
4487,855.0,250700.0
6996,689.0,250400.0
7274,2245.0,248500.0
4540,2758.0,248500.0
2735,1050.0,248000.0
2875,6130.0,247900.0
4586,338.0,247000.0
2776,94.0,246700.0
6103,4445.0,246000.0
1429,620.0,245500.0
8050,1571.0,244900.0
7177,594.0,244900.0
4443,5350.0,244800.0
6786,117.0,244600.0
6787,1345.0,244200.0
6005,4250.0,244000.0
9419,717.0,243600.0
8194,3755.0,243600.0
3359,655.0,243600.0
2767,341.0,243500.0
6222,1314.0,243200.0
1417,1518.0,242900.0
3840,164.0,242600.0
8056,3255.0,242300.0
6742,550.0,242200.0
1333,2064.0,241700.0
8622,185.0,240600.0
2593,6180.0,240300.0
3760,1632.0,240100.0
9375,1874.0,239700.0
2327,2839.0,239600.0
3635,3465.0,239100.0
9401,1613.0,239000.0
3315,62.0,238900.0
3266,90.0,238900.0
6498,655.0,238700.0
2489,357.0,238600.0
3254,1163.0,237500.0
4531,326.0,237300.0
3923,1932.0,237200.0
6532,9130.0,236200.0
3360,4545.0,235300.0
9065,3890.0,234700.0
1969,1525.0,234500.0
7244,466.0,234200.0
4390,2243.0,234100.0
3020,3825.0,233600.0
3491,7470.0,233100.0
1820,2015.0,231700.0
3445,4070.0,231300.0
6463,1397.0,230400.0
7068,3205.0,230000.0
6412,1762.0,229500.0
3843,720.0,229500.0
2338,459.0,229400.0
7458,3050.0,228900.0
1844,250.0,228700.0
4186,5650.0,228500.0
8377,855.0,227600.0
1458,11070.0,227052.0
4401,1399.0,226900.0
2362,559.0,226700.0
8186,179.0,225700.0
3774,3600.0,225700.0
4423,1972.0,225100.0
7994,719.0,224800.0
7161,91.0,224800.0
4997,500.0,224700.0
3915,2829.0,224700.0
3826,1028.0,224400.0
4547,2318.0,224200.0
3073,728.0,224000.0
8368,310.0,223000.0
6804,909.0,223000.0
7241,415.0,222900.0
4967,9410.0,222900.0
2811,3170.0,222500.0
3975,384.0,221700.0
7033,1236.0,221600.0
6721,151.0,221500.0
3994,6770.0,221200.0
4343,1381.0,220500.0
7276,4240.0,220400.0
4496,4945.0,220400.0
6255,342.0,220200.0
2301,1015.0,219900.0
3900,1332.0,219500.0
3919,1428.0,218600.0
7593,341.0,218300.0
6965,4800.0,218200.0
7744,1488.0,218100.0
2810,3280.0,217700.0
3549,9790.0,217400.0
6592,3220.0,217000.0
3541,474.0,216700.0
6997,1856.0,216100.0
9438,811.0,215900.0
9303,1221.0,215900.0
4579,1025.0,215900.0
8273,3205.0,215700.0
6810,912.0,215700.0
3666,748.0,215300.0
3696,1065.0,214900.0
7240,1262.0,214600.0
6425,1880.0,214600.0
2354,547.0,214300.0
7256,405.0,212900.0
6494,86.0,212700.0
9792,1585.0,211100.0
6195,3370.0,210600.0
5817,700.0,210300.0
8237,625.0,208500.0
6778,1745.0,208500.0
2791,5930.0,208400.0
3938,5500.0,208000.0
8550,156.0,207800.0
6028,5780.0,207700.0
2148,1845.0,207700.0
9692,1577.0,207100.0
2112,237.0,206400.0
3612,1420.0,206300.0
7725,1844.0,205900.0
1678,137.0,204900.0
4745,485.0,203200.0
4052,3220.0,203200.0
3193,1407.0,202500.0
7860,880.0,201900.0
8338,161.0,201300.0
3807,122.0,201000.0
1540,6030.0,200987.0
5726,887.0,200600.0
8613,393.0,200300.0
6269,1448.0,199400.0
1321,22860.0,198906.0
6062,754.0,198800.0
3232,439.0,198800.0
6197,1021.0,198300.0
5976,475.0,198200.0
6289,4770.0,198000.0
5384,3415.0,198000.0
2384,2207.0,197800.0
1595,1698.0,197780.0
3591,1882.0,197300.0
1711,374.0,197300.0
3932,3790.0,196900.0
5857,2797.0,196700.0
7988,2200.0,196300.0
3993,2704.0,195300.0
8095,512.0,194800.0
6264,1168.0,194600.0
6240,990.0,194300.0
4716,13370.0,194100.0
6597,2611.0,194000.0
8927,251.0,193400.0
3998,3240.0,193000.0
3178,1206.0,193000.0
6140,449.0,192800.0
3995,522.0,192500.0
3835,1326.0,192400.0
3854,1577.0,191800.0
2438,1496.0,191800.0
3521,94.0,191600.0
8746,203.0,191300.0
9956,2153.0,191200.0
9719,5140.0,190600.0
4922,12020.0,190200.0
3391,14570.0,189500.0
4833,249.0,189200.0
4875,600.0,189000.0
3356,538.0,189000.0
9678,2243.0,188900.0
8088,3710.0,188900.0
3604,1246.0,188100.0
8218,2740.0,187700.0
3758,483.0,187700.0
6324,6130.0,187300.0
6951,3020.0,187000.0
4403,3855.0,187000.0
3010,112.0,186700.0
3627,677.0,185400.0
3113,103.0,184300.0
6986,957.0,184100.0
2345,1255.0,184100.0
8369,3800.0,183500.0
5727,624.0,183500.0
6569,617.0,183200.0
4203,2724.0,182700.0
6440,505.0,182300.0
3284,506.0,182300.0
7278,1449.0,180700.0
6489,379.0,180700.0
1345,1677.0,180300.0
9715,2513.0,179700.0
8203,615.0,179600.0
7965,1310.0,179100.0
7915,953.0,178800.0
6776,318.0,178300.0
6099,1702.0,178200.0
6741,1059.0,177800.0
3984,3785.0,177200.0
2330,100.0,176800.0
9759,1882.0,176600.0
8157,1982.0,176600.0
4246,443.0,176400.0
6556,1250.0,176100.0
6306,596.0,175500.0
7729,3410.0,174200.0
1961,1176.0,174200.0
4996,984.0,173700.0
9003,2721.0,173600.0
8227,7230.0,173400.0
6958,387.0,173200.0
3151,1011.0,173200.0
7972,316.0,172900.0
2124,1031.0,172200.0
4980,807.0,171900.0
1400,177.0,171500.0
3834,1119.0,171300.0
6436,2212.0,171200.0
4668,802.0,171100.0
2326,8660.0,170900.0
6547,449.0,170600.0
2897,9510.0,169400.0
9044,2351.0,169100.0
4593,1567.0,169100.0
8919,2522.0,167800.0
3773,968.0,167600.0
4569,2056.0,166900.0
1881,2640.0,166900.0
4348,3160.0,166800.0
2151,961.0,166300.0
3087,1666.0,166100.0
1926,1455.0,165900.0
2726,1155.0,165600.0
3739,618.0,165500.0
1443,282.0,164600.0
6640,1962.0,164100.0
6406,1860.0,164100.0
2264,4725.0,163500.0
9086,2847.0,163000.0
4516,7850.0,162700.0
8202,169.0,162400.0
9948,2476.0,162300.0
5463,2591.0,162100.0
2461,428.0,161700.0
3676,852.0,161500.0
2874,858.0,161400.0
4845,626.0,161300.0
6055,1700.0,160600.0
7245,520.0,160500.0
3034,1100.0,160500.0
2378,894.0,159600.0
3810,1306.0,159500.0
2397,790.0,159300.0
8060,2123.0,159100.0
8008,1900.0,158100.0
7516,3450.0,158100.0
5805,1104.0,158100.0
6013,1446.0,157800.0
4095,1063.0,157600.0
5949,840.0,157500.0
9835,748.0,157400.0
8518,214.0,157000.0
2150,1636.0,156400.0
4684,19090.0,156100.0
3167,978.0,156100.0
4045,1031.0,156000.0
7611,1531.0,155900.0
6644,508.0,155600.0
7600,1494.0,155500.0
8341,1484.0,155200.0
2670,5890.0,155200.0
3683,2117.0,155000.0
8153,2680.0,154900.0
6962,2372.0,154900.0
1861,2554.0,154800.0
3094,911.0,154600.0
8595,3610.0,154300.0
1545,11560.0,154260.0
7250,850.0,153400.0
3159,390.0,153300.0
8217,1501.0,152200.0
7095,4270.0,152200.0
6146,27640.0,152200.0
8370,1565.0,152000.0
2385,543.0,151800.0
3110,5020.0,151700.0
6050,2915.0,151500.0
2418,258.0,151500.0
7776,366.0,150500.0
2491,2938.0,150200.0
4047,821.0,150100.0
8226,189.0,150000.0
1568,14710.0,149910.0
5911,2124.0,149900.0
8281,774.0,149800.0
8706,485.0,149700.0
3853,503.0,149600.0
4206,3505.0,149400.0
6266,1770.0,149300.0
4572,1406.0,149300.0
3753,763.0,149100.0
8165,335.0,148900.0
3844,2704.0,148700.0
1407,2177.0,148500.0
9972,235.0,148100.0
9934,2431.0,148000.0
5232,3555.0,147900.0
4555,5140.0,147700.0
7280,377.0,147400.0
3561,618.0,147200.0
3132,1477.0,147100.0
4779,415.0,146700.0
8068,3175.0,146500.0
8909,826.0,145400.0
3191,1429.0,145100.0
9722,1507.0,144900.0
3593,3065.0,144800.0
6641,997.0,144600.0
2206,4990.0,143800.0
2201,3950.0,143700.0
9830,2650.0,143100.0
4767,320.0,142700.0
3649,915.0,142500.0
6200,2616.0,142300.0
6555,598.0,142200.0
6118,714.0,142100.0
7317,2111.0,141500.0
6069,417.0,141400.0
6966,1715.0,141200.0
7780,5240.0,140800.0
9749,4425.0,140700.0
7716,1423.0,140600.0
6135,3145.0,140300.0
7105,864.0,140200.0
6082,2361.0,140200.0
7230,2201.0,139900.0
3933,3760.0,139800.0
9478,181.0,139700.0
4743,720.0,139700.0
2178,385.0,139600.0
4312,639.0,139400.0
9450,1447.0,139200.0
7283,482.0,139100.0
3107,7170.0,139000.0
1883,1943.0,138800.0
6349,665.0,138600.0
8078,1895.0,138500.0
4320,516.0,138500.0
8425,2293.0,138100.0
8020,1224.0,138000.0
9409,1482.0,137100.0
3349,17000.0,137000.0
9765,661.0,136700.0
4617,800.0,136600.0
3564,2596.0,136400.0
2884,1181.0,136300.0
9470,1396.0,136000.0
2331,4900.0,135900.0
6750,5430.0,135600.0
2270,2435.0,135100.0
2760,3685.0,134900.0
4488,34950.0,134500.0
8129,1867.0,134200.0
1959,3120.0,134100.0
7836,136.0,134000.0
4819,3600.0,133200.0
7918,334.0,133000.0
5103,52.0,132900.0
3245,472.0,132600.0
6182,3550.0,132300.0
2174,573.0,132300.0
3747,429.0,132200.0
6273,55700.0,132000.0
6856,5730.0,131600.0
3856,896.0,131400.0
6094,841.0,131300.0
8544,486.0,131200.0
3028,1643.0,131100.0
1308,1566.0,131100.0
3981,1854.0,131000.0
2734,556.0,130800.0
2681,1405.0,130700.0
3465,1701.0,130100.0
8399,930.0,130000.0
4484,794.0,129900.0
1305,1600.0,129730.0
8283,4910.0,129700.0
1873,263.0,129400.0
3857,1075.0,129300.0
9787,2945.0,129200.0
4369,11770.0,129200.0
3358,228.0,129100.0
3909,668.0,129000.0
3657,823.0,129000.0
7970,865.0,128800.0
9969,241.0,128700.0
4440,2250.0,128200.0
7947,8670.0,127700.0
3799,960.0,127600.0
4598,2152.0,127500.0
4396,1894.0,127300.0
7864,1927.0,126800.0
6089,618.0,126700.0
4345,827.0,126700.0
5975,1091.0,126600.0
5191,565.0,126400.0
9758,460.0,126100.0
8114,1538.0,125300.0
8584,1603.0,124900.0
4813,926.0,124800.0
7291,407.0,124200.0
8005,427.0,123500.0
7803,2820.0,123400.0
2321,120.0,123300.0
9072,2023.0,123100.0
1518,754.0,122800.0
1655,2395.0,122740.0
6999,924.0,122700.0
6232,2250.0,122600.0
6047,918.0,122500.0
8057,6200.0,122200.0
3276,1037.0,121800.0
9742,1349.0,121200.0
9435,22560.0,121100.0
7030,657.0,120900.0
4800,882.0,120800.0
8337,215.0,120700.0
3937,2066.0,120700.0
9990,534.0,120600.0
3623,1470.0,120500.0
9263,316.0,120400.0
8012,1260.0,120300.0
6065,1003.0,120100.0
4028,672.0,120100.0
7421,1344.0,119700.0
8151,931.0,119500.0
6196,5000.0,119500.0
5947,8760.0,118800.0
1377,3275.0,118500.0
7408,694.0,118300.0
6800,2573.0,118300.0
9793,2415.0,118200.0
6104,2065.0,118200.0
2477,4215.0,118200.0
4420,1072.0,118000.0
6571,1830.0,117900.0
5707,1478.0,117900.0
4220,390.0,117200.0
6508,1553.0,116700.0
1833,2441.0,116500.0
3205,190.0,116300.0
9882,1446.0,116100.0
3242,275.0,116100.0
5943,1289.0,115700.0
8850,2071.0,115400.0
2162,240.0,115400.0
6548,1284.0,115200.0
3983,2735.0,115200.0
6287,2393.0,115000.0
7251,2544.0,114700.0
6707,1980.0,114700.0
8279,7930.0,114200.0
3333,1536.0,114000.0
6046,266.0,113700.0
7071,2746.0,113500.0
4521,5120.0,113500.0
3201,987.0,113400.0
7718,1252.0,113200.0
4282,995.0,113100.0
3040,1417.0,113100.0
6859,1823.0,113000.0
4406,156.0,113000.0
5444,2049.0,112600.0
6254,2152.0,111900.0
6048,261.0,111800.0
7196,1058.0,111700.0
6035,11180.0,111600.0
8111,6500.0,111400.0
6995,1443.0,111300.0
3433,1116.0,111200.0
7874,1415.0,111100.0
6560,2503.0,111000.0
9979,1147.0,110900.0
4346,915.0,110800.0
6794,1079.0,110700.0
4381,1801.0,110700.0
8167,1856.0,110600.0
6339,733.0,110300.0
5809,518.0,110100.0
6033,1532.0,109900.0
8562,154.0,109800.0
5269,260.0,109700.0
3928,1140.0,109600.0
9090,3300.0,109400.0
7239,828.0,109300.0
5932,877.0,109300.0
3912,992.0,109300.0
4189,2030.0,109200.0
2388,115.0,109100.0
5341,588.0,108600.0
8051,900.0,108500.0
2153,1961.0,108500.0
9543,876.0,108200.0
2467,210.0,108000.0
7034,5220.0,107900.0
3076,1479.0,107700.0
4992,551.0,107400.0
3139,3430.0,107400.0
4335,930.0,107100.0
4114,5390.0,107100.0
5702,513.0,107000.0
7296,1742.0,106800.0
8155,2367.0,106500.0
7587,554.0,105900.0
4576,403.0,105900.0
4917,1896.0,105800.0
3634,1019.0,105800.0
7966,2534.0,105700.0
2982,160.0,105600.0
6175,600.0,105500.0
4694,2702.0,105300.0
8871,1366.0,105200.0
7313,2763.0,105200.0
4465,4940.0,105100.0
2666,105.0,105100.0
6539,747.0,104900.0
9672,3955.0,104400.0
4331,547.0,104400.0
4726,3600.0,104200.0
3963,309.0,104200.0
6486,672.0,104100.0
4389,1348.0,104100.0
4820,910.0,104000.0
9031,2829.0,103700.0
3655,4230.0,103500.0
4633,1011.0,103400.0
5970,937.0,103200.0
3198,1364.0,103200.0
8103,432.0,102800.0
2918,1514.0,102800.0
2752,1231.0,102700.0
7242,1901.0,102600.0
3080,689.0,102600.0
1414,4715.0,102600.0
3793,618.0,101800.0
6652,1589.0,101600.0
3662,846.0,101600.0
3196,1034.0,101400.0
4215,679.0,101300.0
5310,1654.0,100800.0
8462,748.0,100500.0
2428,605.0,100300.0
2764,165.0,100200.0
6077,498.0,100100.0
4428,1941.0,100100.0
2335,935.0,100100.0
4998,1820.0,100000.0
7419,2617.0,99800.0
6250,907.0,99800.0
1696,68.0,99800.0
6908,3130.0,99500.0
3264,151.0,99300.0
2404,253.0,99200.0
7745,652.0,99100.0
7445,585.0,98700.0
2722,921.0,98400.0
5208,803.0,97700.0
2488,939.0,97700.0
8844,359.0,97500.0
1448,339.0,97000.0
6588,4205.0,96500.0
9278,759.0,96200.0
3457,834.0,96000.0
8803,2885.0,95800.0
6330,333.0,95600.0
8707,1075.0,95500.0
8963,25080.0,95453.0
4722,1674.0,95300.0
8097,858.0,94900.0
9474,1121.0,94800.0
8818,1310.0,94800.0
4368,3900.0,94700.0
8074,2892.0,94300.0
7514,807.0,94200.0
7065,4580.0,93900.0
1914,400.0,93900.0
4611,865.0,93400.0
9980,146.0,93000.0
3687,1191.0,93000.0
6208,1551.0,92800.0
3546,1091.0,92800.0
4985,7240.0,92700.0
4228,527.0,92600.0
3836,982.0,92600.0
5440,1248.0,92500.0
3374,2839.0,92500.0
9479,144.0,92400.0
5715,1051.0,92200.0
3194,2541.0,91900.0
9514,587.0,91700.0
5410,1749.0,91500.0
3423,270.0,91500.0
4441,1779.0,91400.0
3536,100.0,91400.0
7447,2643.0,91300.0
7709,358.0,91200.0
7740,1720.0,90600.0
5481,833.0,90300.0
6030,4240.0,90200.0
7184,252.0,90000.0
4337,2969.0,89600.0
3299,469.0,89400.0
7190,547.0,89300.0
6562,604.0,89200.0
2533,397.0,89000.0
5480,1486.0,88400.0
6544,3555.0,88300.0
8276,1885.0,88200.0
2168,1157.0,88000.0
1887,556.0,87900.0
5471,3255.0,87800.0
4665,2640.0,87800.0
9621,1680.0,87700.0
8098,1238.0,87500.0
2196,335.0,87500.0
9682,2181.0,87400.0
3011,106.0,87200.0
1476,1715.0,87009.0
3195,861.0,86900.0
5337,87.0,86600.0
4430,1431.0,86600.0
4044,1840.0,86600.0
5851,1068.0,86200.0
3109,1003.0,86000.0
6550,591.0,85900.0
3690,1271.0,85800.0
3180,1990.0,85800.0
1368,3040.0,85588.0
9709,534.0,85400.0
3001,1046.0,85400.0
2986,688.0,85400.0
4971,2018.0,85300.0
3395,1530.0,85300.0
9306,300.0,85200.0
5284,439.0,85100.0
4728,846.0,85100.0
4112,4735.0,85000.0
7199,1810.0,84900.0
4397,2785.0,84700.0
3864,331.0,84700.0
8160,2266.0,84600.0
3085,1843.0,84300.0
6838,2243.0,84100.0
6879,361.0,84000.0
8130,1434.0,83800.0
3921,2306.0,83400.0
7846,3250.0,83300.0
5741,1824.0,83200.0
5186,2288.0,83100.0
4393,1905.0,83100.0
4581,6150.0,82600.0
7035,894.0,82400.0
4398,2818.0,82200.0
6198,331.0,82100.0
1542,6620.0,82042.0
3562,1643.0,81700.0
7981,1492.0,81600.0
2698,2095.0,81600.0
7082,1511.0,81500.0
6317,1477.0,81500.0
3569,1252.0,81400.0
5357,705.0,81200.0
8715,4475.0,81100.0
6238,944.0,81100.0
4615,169.0,80900.0
2281,2786.0,80700.0
8154,1933.0,80600.0
4388,2479.0,80500.0
9010,3190.0,80300.0
7888,250.0,80200.0
6363,835.0,80200.0
8732,209.0,79900.0
3169,643.0,79900.0
7613,893.0,79700.0
5011,1581.0,79400.0
4041,2724.0,79400.0
8105,70.0,79300.0
6905,838.0,79100.0
6914,1163.0,79000.0
5632,605.0,78700.0
7571,64.0,78400.0
5852,326.0,78400.0
3906,6210.0,78300.0
3161,845.0,78300.0
9075,3645.0,78100.0
6454,1488.0,78100.0
8387,730.0,77700.0
5981,542.0,77700.0
4552,10380.0,77700.0
7327,2001.0,77600.0
8944,326.0,77100.0
3992,705.0,77100.0
3093,755.0,76900.0
5218,1041.0,76700.0
3916,1306.0,76700.0
2305,1455.0,76600.0
4687,872.0,76500.0
9262,1995.0,76400.0
6929,2115.0,76400.0
9699,2120.0,76300.0
7173,1088.0,76200.0
7512,760.0,76100.0
3744,935.0,75300.0
8125,901.0,75100.0
9755,1430.0,74900.0
4317,338.0,74900.0
1921,320.0,74900.0
9627,6810.0,74800.0
3046,7390.0,74800.0
7554,1468.0,74600.0
6941,1346.0,74600.0
3675,331.0,74600.0
9308,821.0,74400.0
3548,645.0,74400.0
7921,2111.0,74300.0
6817,689.0,74200.0
4570,578.0,74200.0
4362,1385.0,74200.0
3179,693.0,74100.0
2790,1470.0,74100.0
3965,953.0,74000.0
2429,1502.0,73800.0
4553,1872.0,73600.0
3454,711.0,73600.0
3796,618.0,73500.0
6166,822.0,73000.0
6378,402.0,72900.0
3187,190.0,72800.0
8841,636.0,72700.0
4733,5900.0,72600.0
1885,1509.0,72500.0
8386,1752.0,72400.0
6418,534.0,72400.0
6090,1064.0,72400.0
4382,3360.0,72400.0
3071,73.0,72400.0
9325,1035.0,72100.0
3751,282.0,72000.0
4319,192.0,71900.0
6620,664.0,71800.0
6459,935.0,71800.0
2342,365.0,71800.0
9757,2246.0,71600.0
8022,1932.0,71600.0
6445,415.0,71500.0
4395,775.0,71500.0
3556,397.0,71500.0
2497,1115.0,71500.0
1712,792.0,71500.0
5959,782.0,71300.0
8985,43750.0,71024.0
3678,4550.0,71000.0
3135,2561.0,71000.0
4548,1030.0,70900.0
3969,1885.0,70700.0
3452,582.0,70600.0
7463,1262.0,70400.0
7942,1384.0,70200.0
7636,1440.0,70100.0
6332,1103.0,70100.0
6826,393.0,69600.0
1929,750.0,69500.0
7601,390.0,69100.0
6777,1602.0,69000.0
5142,1913.0,69000.0
7689,4200.0,68900.0
3633,3060.0,68900.0
1348,1601.0,68850.0
9889,1434.0,68800.0
1430,546.0,68600.0
9810,3290.0,68500.0
6327,441.0,68500.0
9896,749.0,68400.0
4082,712.0,68300.0
1726,574.0,68300.0
6026,3495.0,68200.0
7817,4355.0,68100.0
1379,1981.0,68000.0
9850,910.0,67900.0
3133,412.0,67700.0
1871,512.0,67700.0
7595,3315.0,67600.0
9414,1077.0,67500.0
7971,242.0,67300.0
7183,262.0,67300.0
8946,99.0,67200.0
6946,2033.0,67200.0
6839,486.0,67200.0
6881,281.0,66900.0
3647,210.0,66900.0
6668,1405.0,66700.0
4658,721.0,66700.0
6458,1401.0,66600.0
1898,732.0,66600.0
7862,1034.0,66300.0
8023,615.0,66200.0
4274,977.0,66200.0
1950,2294.0,66200.0
9854,217.0,66100.0
3929,829.0,66100.0
3271,205.0,66000.0
2602,3285.0,66000.0
6779,309.0,65900.0
7567,481.0,65700.0
4634,1997.0,65700.0
4023,4410.0,65700.0
3967,1522.0,65700.0
1717,534.0,65700.0
9946,1492.0,65600.0
8367,1973.0,65600.0
9326,2988.0,65400.0
8566,2910.0,65400.0
7748,5150.0,65300.0
4812,4950.0,65300.0
4109,2301.0,65300.0
4837,234.0,65200.0
8185,1085.0,64900.0
6599,3370.0,64900.0
3791,1618.0,64600.0
2130,1358.0,64600.0
3738,1952.0,64500.0
3298,12990.0,64434.0
3925,5370.0,64400.0
1979,2953.0,64400.0
2815,6570.0,64300.0
8541,1148.0,64000.0
6622,3975.0,64000.0
6319,209.0,64000.0
2389,1414.0,63800.0
4425,5180.0,63500.0
9619,1103.0,63400.0
7719,287.0,63300.0
6345,740.0,63200.0
5282,300.0,63200.0
7775,551.0,63100.0
7739,1562.0,63100.0
6400,240.0,63000.0
2590,4730.0,63000.0
7455,253.0,62900.0
4445,2940.0,62800.0
9685,567.0,62700.0
8935,831.0,62600.0
6730,754.0,62600.0
7955,545.0,62400.0
7590,478.0,62400.0
4919,4840.0,62300.0
9025,1043.0,62200.0
7806,709.0,62200.0
3547,1577.0,62200.0
3168,521.0,62200.0
9978,208.0,62100.0
8708,675.0,61800.0
6177,216.0,61800.0
4777,230.0,61700.0
4326,868.0,61700.0
7980,1083.0,61400.0
4816,5080.0,61400.0
8198,2306.0,61300.0
7906,579.0,61300.0
7673,1255.0,61300.0
6034,1354.0,61200.0
4424,3975.0,61200.0
4025,7030.0,61200.0
4847,770.0,61100.0
2901,139.0,60900.0
6748,595.0,60800.0
4364,1049.0,60700.0
3961,1823.0,60600.0
1941,2173.0,60600.0
1813,1423.0,60500.0
7088,730.0,60400.0
1541,2764.0,60335.0
8018,414.0,60300.0
6814,937.0,60300.0
4287,458.0,60300.0
6618,577.0,60200.0
6490,1362.0,60200.0
3663,786.0,60200.0
3393,580.0,60200.0
4490,1985.0,60100.0
6507,1004.0,60000.0
4577,3800.0,59700.0
6067,1496.0,59600.0
8336,1463.0,59500.0
9302,1479.0,59400.0
9046,3510.0,59300.0
4481,4230.0,59200.0
5302,3420.0,59100.0
4391,1793.0,59100.0
3922,2804.0,59100.0
8366,2369.0,59000.0
3653,1760.0,58800.0
3484,609.0,58800.0
6474,3245.0,58700.0
6231,2780.0,58700.0
6092,604.0,58400.0
3106,2018.0,58300.0
1967,588.0,58300.0
9417,1135.0,58200.0
7821,2432.0,58100.0
8388,2273.0,57700.0
6096,2345.0,57500.0
3148,3320.0,57500.0
8356,1866.0,57400.0
4880,20870.0,57200.0
4928,4435.0,57100.0
4446,2395.0,56700.0
2664,2850.0,56700.0
3968,841.0,56600.0
7483,1601.0,56500.0
5285,436.0,56500.0
8908,765.0,56400.0
2340,359.0,56400.0
6237,917.0,56300.0
5408,341.0,56300.0
8361,2107.0,56100.0
6806,11630.0,56100.0
6381,798.0,56100.0
1976,769.0,56100.0
8999,361.0,56000.0
7823,597.0,56000.0
7702,757.0,56000.0
2659,4000.0,56000.0
6877,3330.0,55800.0
9945,1731.0,55600.0
6333,1191.0,55500.0
6371,2493.0,55400.0
1968,2176.0,55400.0
7294,1004.0,55200.0
2694,69.0,55200.0
6651,1742.0,55100.0
5391,1032.0,55000.0
3550,410.0,55000.0
3097,7630.0,55000.0
1870,735.0,55000.0
2004,3250.0,54900.0
7552,1083.0,54800.0
4958,2314.0,54800.0
8131,1114.0,54700.0
7039,3620.0,54700.0
1879,772.0,54700.0
9878,399.0,54500.0
8558,656.0,54500.0
1446,514.0,54400.0
7060,1140.0,54200.0
4218,1496.0,54200.0
8260,176.0,53900.0
4099,1004.0,53900.0
8881,346.0,53800.0
6203,736.0,53800.0
6942,1221.0,53700.0
3580,690.0,53700.0
7839,2603.0,53500.0
1835,2630.0,53500.0
8244,2801.0,53400.0
7943,2221.0,53300.0
6744,2009.0,53300.0
4097,779.0,53300.0
7038,3035.0,53100.0
6379,1219.0,53100.0
2109,1900.0,53100.0
6194,2967.0,53000.0
7494,288.0,52900.0
1365,14610.0,52797.0
2437,412.0,52700.0
5288,450.0,52600.0
2453,779.0,52500.0
4399,703.0,52400.0
2667,427.0,52400.0
1475,1576.0,52349.0
6340,2810.0,52300.0
4551,3100.0,52200.0
3692,2323.0,52100.0
3658,3075.0,52000.0
4626,5050.0,51900.0
3688,1233.0,51900.0
7247,248.0,51700.0
3035,304.0,51700.0
5988,1490.0,51600.0
3377,190.0,51500.0
1822,2360.0,51500.0
1805,1019.0,51500.0
1330,22900.0,51450.0
9740,3845.0,51300.0
6081,256.0,51300.0
3441,1015.0,51300.0
7868,771.0,51200.0
8182,1723.0,51100.0
4559,1872.0,51100.0
4212,2089.0,51000.0
8860,507.0,50900.0
6258,5830.0,50900.0
9744,5010.0,50800.0
6947,3070.0,50800.0
4990,532.0,50800.0
3542,1373.0,50800.0
8043,3990.0,50700.0
7727,210.0,50700.0
3918,1093.0,50700.0
2485,481.0,50700.0
6172,748.0,50600.0
3036,1216.0,50600.0
9274,266.0,50500.0
4699,5910.0,50500.0
4662,800.0,50500.0
6568,1658.0,50400.0
4674,1294.0,50400.0
9466,438.0,50200.0
8360,813.0,50200.0
5192,1617.0,50100.0
4619,943.0,50100.0
6482,676.0,49900.0
2053,1526.0,49900.0
8285,332.0,49800.0
6864,1861.0,49800.0
1320,22800.0,49238.0
7687,846.0,49200.0
5957,422.0,49200.0
8173,1995.0,49000.0
6789,1125.0,49000.0
7630,4715.0,48800.0
7222,861.0,48800.0
6656,2803.0,48700.0
5989,510.0,48700.0
9601,14290.0,48500.0
8141,814.0,48500.0
3901,2228.0,48500.0
3784,1314.0,48400.0
3482,550.0,48300.0
9275,565.0,48200.0
3447,691.0,48200.0
1982,1766.0,48200.0
4284,678.0,48100.0
3625,845.0,48100.0
1773,20.0,48000.0
9702,2082.0,47700.0
9728,1841.0,47600.0
7820,1365.0,47600.0
6809,721.0,47600.0
6564,1594.0,47600.0
4444,1647.0,47400.0
7231,1129.0,47300.0
6409,1179.0,47300.0
3779,109.0,47200.0
7451,2707.0,46900.0
9536,2492.0,46800.0
8278,1771.0,46800.0
7976,1212.0,46800.0
7840,801.0,46700.0
4064,1152.0,46700.0
8140,2107.0,46500.0
6757,1772.0,46400.0
8424,5610.0,46300.0
8395,1149.0,46200.0
8127,360.0,46200.0
6844,2023.0,45800.0
8289,878.0,45700.0
5704,694.0,45700.0
7715,980.0,45600.0
6638,377.0,45600.0
3252,1468.0,45600.0
3021,1810.0,45600.0
3674,851.0,45500.0
9425,335.0,45400.0
6210,385.0,45400.0
4080,731.0,45400.0
9828,2163.0,45300.0
8737,260.0,45300.0
8137,829.0,45200.0
3063,474.0,45100.0
4968,1139.0,45000.0
2910,1252.0,45000.0
6580,1830.0,44800.0
6282,1354.0,44800.0
5985,400.0,44700.0
9869,3285.0,44600.0
9624,1027.0,44600.0
5358,401.0,44600.0
3386,1149.0,44600.0
5195,603.0,44500.0
4027,1288.0,44500.0
9551,4690.0,44400.0
7544,312.0,44400.0
6246,747.0,44400.0
4248,668.0,44300.0
2211,2149.0,44300.0
9993,1658.0,44100.0
2294,2576.0,44100.0
2686,479.0,44000.0
9753,695.0,43900.0
6091,461.0,43900.0
7919,144.0,43700.0
3392,608.0,43700.0
1934,611.0,43600.0
4512,265.0,43500.0
1840,137.0,43500.0
1324,138.0,43500.0
9739,1892.0,43300.0
6516,4620.0,43300.0
6188,373.0,43300.0
7774,643.0,43200.0
7212,465.0,43200.0
6924,1816.0,43100.0
9974,7610.0,42900.0
7508,2365.0,42900.0
7487,1745.0,42900.0
6820,2970.0,42900.0
6706,2422.0,42900.0
6293,782.0,42900.0
1949,2309.0,42900.0
9267,3520.0,42800.0
7226,1252.0,42600.0
6977,900.0,42600.0
6205,363.0,42600.0
9880,951.0,42500.0
6343,118.0,42500.0
2198,535.0,42500.0
6335,264.0,42400.0
9768,1836.0,42300.0
5009,405.0,42300.0
1724,753.0,42300.0
6272,1205.0,42000.0
9310,439.0,41700.0
8769,795.0,41700.0
7322,1280.0,41700.0
4955,1251.0,41700.0
8350,1003.0,41600.0
7433,915.0,41600.0
4956,1395.0,41600.0
4772,199.0,41600.0
1730,576.0,41600.0
6916,992.0,41500.0
2462,1235.0,41500.0
1688,286.0,41500.0
6368,5440.0,41400.0
2980,2193.0,41300.0
7191,700.0,41100.0
4392,260.0,41100.0
2309,1332.0,41100.0
9887,3460.0,41000.0
3976,2561.0,41000.0
2159,471.0,41000.0
8166,125.0,40900.0
4482,857.0,40900.0
8747,890.0,40800.0
6036,1649.0,40800.0
4350,466.0,40800.0
3156,1995.0,40800.0
3341,1673.0,40700.0
9928,2160.0,40600.0
8207,360.0,40500.0
6185,1040.0,40400.0
1828,724.0,40300.0
6171,380.0,40100.0
2479,184.0,40100.0
8890,881.0,40000.0
6262,302.0,40000.0
6553,2550.0,39900.0
7838,131.0,39800.0
4323,1584.0,39700.0
3641,2228.0,39600.0
1888,1188.0,39600.0
1810,617.0,39600.0
5344,7930.0,39500.0
4427,5950.0,39500.0
4431,3590.0,39400.0
3999,849.0,39400.0
2925,2765.0,39400.0
7826,7800.0,39300.0
9936,5620.0,39200.0
7810,351.0,39200.0
6428,372.0,39200.0
6165,404.0,39100.0
7992,170.0,39000.0
6187,2137.0,39000.0
6181,189.0,39000.0
8079,3815.0,38900.0
7086,1161.0,38900.0
6938,394.0,38900.0
5121,354.0,38900.0
2323,373.0,38900.0
4318,1105.0,38800.0
7266,666.0,38700.0
4433,1006.0,38700.0
6357,627.0,38600.0
4286,827.0,38500.0
2594,2146.0,38500.0
7519,197.0,38300.0
6495,104.0,38300.0
8344,1189.0,38200.0
7686,1302.0,38200.0
4977,632.0,38200.0
3444,723.0,38200.0
1569,2988.0,38190.0
9888,408.0,38100.0
6086,779.0,38100.0
2163,837.0,38100.0
7721,905.0,38000.0
7995,1813.0,37900.0
4275,481.0,37900.0
8864,403.0,37800.0
9625,699.0,37600.0
6470,505.0,37500.0
4765,399.0,37300.0
3985,952.0,37300.0
6310,1076.0,37200.0
7615,256.0,37100.0
4120,1333.0,37100.0
4725,1154.0,37000.0
3496,4215.0,37000.0
3154,872.0,37000.0
3091,2218.0,37000.0
2288,1833.0,37000.0
5933,898.0,36900.0
5451,1760.0,36900.0
9358,450.0,36800.0
9039,5010.0,36800.0
6927,302.0,36800.0
6276,352.0,36800.0
3153,900.0,36800.0
4557,3170.0,36700.0
3804,1425.0,36600.0
3121,326.0,36500.0
9233,880.0,36400.0
5690,649.0,36400.0
3987,1108.0,36400.0
9746,5840.0,36300.0
8037,952.0,36300.0
6858,474.0,36200.0
5262,751.0,36200.0
6867,654.0,36100.0
6420,3290.0,36100.0
4534,3815.0,36000.0
3176,954.0,36000.0
2908,1953.0,36000.0
4439,1445.0,35900.0
6769,893.0,35800.0
3355,564.0,35700.0
7520,1993.0,35600.0
3475,1528.0,35500.0
8363,2811.0,35400.0
4641,1818.0,35400.0
3421,1400.0,35400.0
2674,675.0,35400.0
6866,2991.0,35300.0
3002,4000.0,35300.0
4434,18800.0,35200.0
9790,2568.0,35100.0
4298,942.0,35100.0
3607,326.0,35100.0
4792,1185.0,35000.0
2673,105.0,35000.0
4824,518.0,34900.0
3538,585.0,34800.0
7958,1581.0,34600.0
9110,1403.0,34500.0
4116,2206.0,34500.0
6078,1318.0,34400.0
4575,664.0,34400.0
7771,91.0,34300.0
7703,843.0,34300.0
9428,710.0,34100.0
4251,1336.0,34000.0
4046,2317.0,34000.0
2454,993.0,33900.0
7963,2301.0,33800.0
7072,2098.0,33800.0
6907,401.0,33800.0
9037,3100.0,33700.0
9890,960.0,33600.0
6517,1960.0,33600.0
7074,950.0,33500.0
6455,1731.0,33500.0
3098,5980.0,33500.0
9612,2047.0,33300.0
9919,1066.0,33200.0
3030,577.0,33200.0
3302,2150.0,33000.0
9629,4070.0,32800.0
8793,1876.0,32800.0
2780,703.0,32800.0
2292,2492.0,32800.0
3319,507.0,32700.0
4438,1885.0,32500.0
3946,1732.0,32500.0
2715,791.0,32500.0
1766,6960.0,32500.0
6513,1270.0,32400.0
1762,2291.0,32400.0
8070,495.0,32300.0
4514,1153.0,32300.0
3904,702.0,32200.0
1456,5960.0,32107.0
7022,152.0,32100.0
9991,864.0,31900.0
5909,1008.0,31900.0
4216,1346.0,31900.0
3878,926.0,31900.0
6664,408.0,31800.0
4718,919.0,31800.0
3741,2899.0,31800.0
3172,1100.0,31800.0
3371,2131.0,31700.0
1768,784.0,31700.0
5482,2942.0,31600.0
2693,285.0,31600.0
6413,1255.0,31500.0
4471,4545.0,31500.0
3125,616.0,31500.0
7059,2404.0,31400.0
4914,2070.0,31400.0
3817,2301.0,31400.0
3698,1721.0,31400.0
8343,1395.0,31300.0
5161,1508.0,31200.0
7897,116.0,31100.0
4975,3170.0,31100.0
2561,2746.0,31005.0
9467,2460.0,31000.0
8342,2083.0,30900.0
6734,1958.0,30900.0
1496,2647.0,30849.0
6737,4020.0,30700.0
5986,264.0,30700.0
3497,1047.0,30700.0
6247,724.0,30600.0
3907,1300.0,30600.0
2351,1262.0,30600.0
7679,2686.0,30500.0
5351,2089.0,30500.0
4022,1422.0,30300.0
3930,2159.0,30200.0
3837,2294.0,30100.0
4696,276.0,30000.0
6635,520.0,29900.0
5381,313.0,29900.0
1815,1980.0,29900.0
3067,499.0,29700.0
3996,1534.0,29600.0
8522,2296.0,29500.0
9413,2290.0,29400.0
3671,815.0,29300.0
4620,495.0,29200.0
9717,1223.0,29100.0
9068,2953.0,29100.0
8362,1534.0,29100.0
7438,1089.0,29100.0
6167,660.0,29100.0
3910,895.0,29100.0
3300,597.0,29100.0
6718,1411.0,29000.0
6054,284.0,29000.0
1848,580.0,29000.0
9675,1324.0,28900.0
4367,3000.0,28900.0
8929,1519.0,28800.0
9273,1824.0,28700.0
8914,888.0,28700.0
3150,2896.0,28700.0
8291,241.0,28600.0
7952,2600.0,28600.0
3042,756.0,28600.0
2410,817.0,28600.0
7628,1589.0,28500.0
7608,284.0,28500.0
6433,220.0,28500.0
6073,1420.0,28500.0
4435,4490.0,28500.0
3267,2190.0,28500.0
2176,741.0,28500.0
1346,23140.0,28491.0
5902,1665.0,28400.0
3772,971.0,28400.0
6277,5290.0,28300.0
9422,1351.0,28200.0
8029,685.0,28200.0
6862,360.0,28200.0
5698,517.0,28200.0
6331,1806.0,28100.0
3920,935.0,28100.0
9535,351.0,28000.0
8869,381.0,27900.0
8392,2282.0,27900.0
8255,4425.0,27800.0
8275,994.0,27700.0
6552,551.0,27700.0
7871,478.0,27600.0
4595,1286.0,27600.0
8159,1662.0,27500.0
6961,2227.0,27500.0
6364,1030.0,27500.0
3950,2816.0,27500.0
1952,2253.0,27500.0
7856,1419.0,27400.0
6653,922.0,27400.0
2975,1378.0,27400.0
1945,704.0,27400.0
7674,2083.0,27300.0
6551,393.0,27300.0
1789,857.0,27300.0
3964,1011.0,27200.0
7962,800.0,27100.0
6557,1763.0,27100.0
4386,692.0,27100.0
3221,1778.0,27100.0
7638,645.0,27000.0
1547,3630.0,26990.0
6627,747.0,26900.0
6347,1545.0,26900.0
3440,622.0,26900.0
3417,1210.0,26900.0
7524,480.0,26800.0
7043,676.0,26800.0
1852,4055.0,26800.0
9903,2850.0,26700.0
9232,1403.0,26700.0
2445,527.0,26700.0
1301,2650.0,26600.0
8230,300.0,26500.0
5821,983.0,26500.0
5290,1731.0,26500.0
4237,240.0,26500.0
3529,595.0,26500.0
6059,294.0,26400.0
1329,23130.0,26398.0
4770,375.0,26300.0
3802,1220.0,26300.0
1413,1499.0,26300.0
6278,2543.0,26200.0
4801,2061.0,26200.0
8877,1301.0,26000.0
5658,267.0,26000.0
4429,6660.0,26000.0
9279,1305.0,25900.0
8699,915.0,25900.0
7979,1386.0,25900.0
4839,2383.0,25900.0
7760,289.0,25800.0
5363,278.0,25800.0
4526,2169.0,25800.0
1882,3075.0,25800.0
7813,1445.0,25700.0
3917,903.0,25700.0
8345,2384.0,25600.0
2139,534.0,25600.0
5015,1056.0,25500.0
2733,4555.0,25500.0
6351,1721.0,25400.0
3228,1385.0,25400.0
6745,1190.0,25300.0
5122,3805.0,25300.0
4410,870.0,25200.0
3559,910.0,25200.0
1966,692.0,25200.0
6312,656.0,25000.0
2656,234.0,25000.0
1909,1639.0,25000.0
8158,500.0,24900.0
4316,754.0,24900.0
7093,2940.0,24800.0
6836,1630.0,24800.0
6045,414.0,24800.0
4963,686.0,24800.0
4301,2203.0,24700.0
4249,1564.0,24700.0
2180,659.0,24700.0
8904,860.0,24600.0
4238,982.0,24600.0
3464,1003.0,24600.0
9324,847.0,24500.0
6038,730.0,24400.0
9405,720.0,24300.0
7046,2930.0,24200.0
6554,418.0,24200.0
9658,1142.0,24100.0
8101,1160.0,24100.0
6064,1278.0,24100.0
9099,1476.0,24000.0
7609,1437.0,24000.0
3771,1886.0,24000.0
9052,2130.0,23900.0
7782,370.0,23900.0
7102,2313.0,23900.0
2041,4225.0,23817.0
6029,219.0,23800.0
4092,2089.0,23800.0
8150,1636.0,23700.0
4809,1550.0,23700.0
7414,1159.0,23600.0
7326,928.0,23600.0
2424,505.0,23500.0
8096,3975.0,23400.0
6788,3200.0,23400.0
5331,3175.0,23400.0
1780,800.0,23400.0
7476,11230.0,23300.0
6834,1890.0,23300.0
6369,2000.0,23300.0
3914,5010.0,23300.0
6617,969.0,23200.0
6316,1118.0,23200.0
3372,305.0,23200.0
6121,980.0,23100.0
4736,711.0,23100.0
9633,1160.0,23000.0
6292,718.0,23000.0
1853,255.0,23000.0
9902,2054.0,22900.0
8740,296.0,22900.0
3598,200.0,22900.0
2307,1119.0,22900.0
3281,162900.0,22821.0
4554,1123.0,22800.0
4461,4960.0,22800.0
2436,681.0,22800.0
8397,2985.0,22700.0
5903,1163.0,22700.0
3277,751.0,22700.0
9067,215.0,22600.0
7061,1640.0,22600.0
8364,1530.0,22500.0
8108,1224.0,22500.0
6676,3225.0,22500.0
6419,1594.0,22500.0
6284,3000.0,22500.0
8938,795.0,22400.0
8132,2686.0,22400.0
5946,2055.0,22400.0
3054,555.0,22300.0
7625,152.0,22200.0
4826,779.0,22200.0
6722,1792.0,22100.0
6677,1050.0,22100.0
1954,2819.0,22100.0
4550,1090.0,22000.0
3553,609.0,22000.0
5388,890.0,21800.0
1946,3485.0,21800.0
9066,1415.0,21700.0
7743,694.0,21700.0
7315,452.0,21700.0
6982,345.0,21700.0
6145,2890.0,21700.0
4394,1249.0,21700.0
9729,2240.0,21600.0
7192,2024.0,21600.0
6390,1157.0,21600.0
3409,644.0,21600.0
8084,1379.0,21500.0
8014,1655.0,21500.0
8093,1256.0,21400.0
8089,828.0,21400.0
8032,3655.0,21400.0
7917,3475.0,21400.0
9260,2100.0,21300.0
7504,1377.0,21300.0
3137,790.0,21200.0
2915,1830.0,21200.0
6837,256.0,21100.0
3446,3075.0,21100.0
7271,962.0,20800.0
6919,863.0,20800.0
6462,2666.0,20800.0
8393,2240.0,20700.0
4951,1652.0,20700.0
9994,2100.0,20600.0
7607,1872.0,20600.0
3695,1839.0,20600.0
2329,602.0,20600.0
1827,346.0,20600.0
8953,126600.0,20521.0
8940,449.0,20500.0
7044,1490.0,20500.0
2173,436.0,20500.0
8887,731.0,20400.0
7298,456.0,20400.0
5287,1271.0,20400.0
4979,1078.0,20400.0
2464,360.0,20400.0
1659,1687.0,20359.0
9622,894.0,20300.0
5018,964.0,20300.0
3526,973.0,20300.0
3069,351.0,20300.0
7987,550.0,20200.0
7090,2192.0,20200.0
7905,1721.0,20000.0
7603,398.0,20000.0
7320,1379.0,20000.0
6915,1558.0,20000.0
4669,1050.0,20000.0
1980,2578.0,20000.0
7722,741.0,19900.0
7427,519.0,19900.0
3815,306.0,19900.0
3431,1616.0,19900.0
1433,981.0,19900.0
7066,3110.0,19800.0
7646,615.0,19700.0
3082,545.0,19700.0
1434,399.0,19700.0
7822,270.0,19600.0
6590,2726.0,19600.0
3611,1682.0,19600.0
8013,349.0,19500.0
6945,1087.0,19500.0
6736,1653.0,19500.0
4709,1325.0,19500.0
3458,1546.0,19500.0
3096,1135.0,19500.0
6430,1180.0,19400.0
3895,659.0,19400.0
3852,1770.0,19400.0
2311,1225.0,19400.0
2220,5140.0,19400.0
9264,3130.0,19300.0
6616,1196.0,19200.0
3955,761.0,19200.0
1847,1462.0,19200.0
9845,458.0,19100.0
6823,2071.0,19100.0
6694,1450.0,19000.0
6294,916.0,19000.0
3140,780.0,19000.0
9115,311.0,18900.0
3480,2671.0,18900.0
9265,1828.0,18800.0
7456,1330.0,18800.0
7150,522.0,18800.0
2882,1702.0,18800.0
9402,512.0,18700.0
7685,2120.0,18700.0
7094,6600.0,18700.0
1938,2591.0,18700.0
7448,216.0,18600.0
2904,935.0,18600.0
7734,2339.0,18500.0
5237,602.0,18500.0
4447,1676.0,18500.0
9698,1257.0,18300.0
7287,1185.0,18300.0
4735,502.0,18300.0
1328,5230.0,18250.0
1597,1704.0,18220.0
4825,3400.0,18200.0
3723,1343.0,18200.0
1326,18050.0,18143.0
2040,17480.0,18125.0
9445,319.0,18100.0
4671,1466.0,18100.0
9385,867.0,18000.0
6882,525.0,18000.0
6815,1702.0,18000.0
6698,1093.0,18000.0
3486,598.0,18000.0
9816,250.0,17900.0
9534,1552.0,17900.0
7416,689.0,17900.0
4707,313.0,17800.0
7829,170.0,17700.0
3416,1213.0,17700.0
2469,1088.0,17700.0
7236,1235.0,17600.0
6853,397.0,17600.0
6771,851.0,17600.0
2009,820.0,17600.0
6901,1551.0,17500.0
6785,652.0,17500.0
4078,1946.0,17500.0
2169,1180.0,17500.0
7990,1987.0,17400.0
7467,1960.0,17400.0
6384,1384.0,17400.0
6309,1790.0,17400.0
5602,1584.0,17400.0
8287,1626.0,17300.0
7676,780.0,17300.0
2907,801.0,17300.0
9384,975.0,17200.0
7925,960.0,17200.0
7083,1438.0,17200.0
4295,621.0,17200.0
3708,4470.0,17200.0
3646,473.0,17200.0
7084,1947.0,17100.0
3498,3605.0,17100.0
2352,1360.0,17100.0
8383,1106.0,16900.0
2468,389.0,16900.0
2183,791.0,16900.0
8928,1418.0,16800.0
7050,1436.0,16800.0
6151,1798.0,16800.0
6049,1172.0,16800.0
3111,395.0,16800.0
2689,1274.0,16800.0
2359,1153.0,16800.0
1716,2330.0,16800.0
9769,1058.0,16600.0
9130,765.0,16600.0
8917,889.0,16600.0
8081,1223.0,16600.0
6904,882.0,16600.0
2729,1650.0,16600.0
2613,3925.0,16600.0
2515,808.0,16510.0
7927,473.0,16500.0
6912,770.0,16500.0
6393,1503.0,16500.0
3462,129400.0,16419.0
9369,1430.0,16300.0
3183,896.0,16300.0
2721,315.0,16300.0
7420,772.0,16200.0
6926,292.0,16200.0
3238,267.0,16200.0
2498,1944.0,16200.0
9913,447.0,16100.0
9058,6950.0,16100.0
6328,2746.0,16100.0
3851,946.0,16100.0
3199,1858.0,16100.0
1930,882.0,16100.0
9696,525.0,16000.0
6561,537.0,16000.0
4923,1160.0,16000.0
2459,180.0,16000.0
9639,3600.0,15900.0
6697,493.0,15900.0
6558,1042.0,15900.0
9760,446.0,15800.0
9377,465.0,15800.0
8945,981.0,15800.0
7800,698.0,15800.0
9600,1486.0,15700.0
3636,4195.0,15700.0
2540,1781.0,15700.0
6040,800.0,15600.0
2039,6300.0,15539.0
8530,2001.0,15500.0
6281,481.0,15500.0
6193,470.0,15500.0
6180,1806.0,15500.0
5210,841.0,15500.0
2374,410.0,15500.0
7069,3680.0,15400.0
1546,26610.0,15364.0
1580,3685.0,15350.0
4719,3785.0,15300.0
9904,240.0,15200.0
9788,851.0,15200.0
9305,1153.0,15100.0
6840,4630.0,15100.0
5449,1203.0,15100.0
3710,954.0,15100.0
9070,5400.0,15000.0
8527,2650.0,15000.0
7213,527.0,15000.0
5352,3505.0,15000.0
7596,1570.0,14900.0
6245,1333.0,14900.0
3798,2929.0,14900.0
2981,1811.0,14900.0
9827,161.0,14800.0
6567,824.0,14800.0
4100,1669.0,14800.0
3970,5360.0,14800.0
2812,841.0,14800.0
8077,266.0,14700.0
6155,672.0,14700.0
6023,419.0,14700.0
5445,1450.0,14700.0
7705,1917.0,14600.0
6699,550.0,14600.0
9982,1750.0,14500.0
6928,1008.0,14500.0
6850,1375.0,14500.0
5816,323.0,14500.0
4691,658.0,14500.0
4288,1338.0,14500.0
2334,1175.0,14500.0
1682,153.0,14500.0
9475,427.0,14400.0
8931,695.0,14400.0
7162,210.0,14400.0
4356,2481.0,14400.0
3551,707.0,14400.0
3461,735.0,14400.0
6176,443.0,14300.0
2117,1729.0,14300.0
7895,609.0,14200.0
5273,4810.0,14200.0
1698,1395.0,14150.0
1478,1676.0,14108.0
3913,1018.0,14100.0
9386,1203.0,14000.0
3104,3055.0,14000.0
2475,2586.0,14000.0
6662,239.0,13900.0
7605,1918.0,13800.0
6577,1410.0,13800.0
6563,2937.0,13800.0
6158,871.0,13800.0
4769,771.0,13800.0
4421,1730.0,13800.0
2266,1417.0,13800.0
8772,637.0,13700.0
7594,1699.0,13700.0
4026,715.0,13700.0
7466,1212.0,13600.0
4664,446.0,13600.0
8059,3650.0,13500.0
7640,345.0,13500.0
4404,1040.0,13500.0
8061,1148.0,13400.0
4556,906.0,13400.0
4486,2093.0,13400.0
6493,210.0,13300.0
3023,908.0,13300.0
9307,483.0,13200.0
9270,1377.0,13200.0
8842,3900.0,13200.0
7268,335.0,13200.0
4657,442.0,13200.0
4245,722.0,13200.0
9707,1041.0,13100.0
9381,721.0,13100.0
7949,1740.0,13100.0
8617,515.0,13000.0
6461,1146.0,13000.0
4636,796.0,13000.0
4304,1158.0,13000.0
4008,3495.0,13000.0
2877,862.0,13000.0
9856,818.0,12900.0
9376,370.0,12900.0
7577,170.0,12900.0
7450,1608.0,12900.0
6189,591.0,12900.0
8040,610.0,12800.0
7781,1309.0,12800.0
5942,455.0,12800.0
4750,622.0,12800.0
4113,12210.0,12800.0
3979,2260.0,12800.0
2773,834.0,12800.0
7442,407.0,12700.0
5952,110.0,12700.0
2597,981.0,12700.0
1965,915.0,12700.0
9960,2176.0,12600.0
6570,373.0,12600.0
3443,4650.0,12600.0
3181,646.0,12600.0
2055,282.0,12600.0
1663,1422.0,12600.0
7872,618.0,12500.0
7851,207.0,12500.0
6775,206.0,12500.0
6709,672.0,12500.0
4659,2525.0,12500.0
1964,1510.0,12500.0
2411,269.0,12400.0
1376,1311.0,12400.0
8960,109800.0,12337.0
9380,265.0,12300.0
5071,688.0,12300.0
2927,687.0,12300.0
6566,891.0,12200.0
5612,1233.0,12200.0
3691,539.0,12200.0
3571,947.0,12200.0
2751,1865.0,12200.0
9628,1126.0,12100.0
7893,1151.0,12100.0
7833,696.0,12100.0
3227,69800.0,12025.0
7928,350.0,12000.0
6537,683.0,12000.0
3469,419.0,12000.0
8954,137400.0,11922.0
9368,990.0,11900.0
6157,2455.0,11900.0
3418,887.0,11900.0
2876,511.0,11900.0
8521,1043.0,11800.0
6824,1750.0,11800.0
4491,2820.0,11800.0
9824,2554.0,11700.0
7989,1146.0,11700.0
7041,504.0,11700.0
3842,1610.0,11700.0
3467,515.0,11700.0
2742,3295.0,11700.0
1899,4625.0,11700.0
4310,1214.0,11600.0
4098,1679.0,11600.0
7475,2224.0,11500.0
6032,340.0,11500.0
5194,1560.0,11500.0
5013,1257.0,11400.0
4235,795.0,11400.0
1850,274.0,11400.0
9995,413.0,11300.0
8563,610.0,11300.0
7254,194.0,11300.0
4437,906.0,11300.0
3951,886.0,11300.0
3622,666.0,11300.0
7081,1104.0,11200.0
6960,6700.0,11200.0
6518,1100.0,11200.0
3361,650.0,11200.0
6964,455.0,11100.0
3931,1066.0,11100.0
3476,35550.0,11073.0
7215,635.0,11000.0
9304,1915.0,10900.0
4221,1452.0,10900.0
3652,3330.0,10900.0
9867,9420.0,10800.0
5386,385.0,10800.0
3648,763.0,10800.0
3628,1885.0,10800.0
1358,17800.0,10787.0
7814,305.0,10700.0
7067,1317.0,10700.0
6488,917.0,10700.0
3408,2145.0,10700.0
2788,156.0,10700.0
2676,889.0,10600.0
2036,17480.0,10570.0
8065,840.0,10500.0
7077,2801.0,10500.0
6696,775.0,10500.0
6159,1059.0,10500.0
4538,2210.0,10500.0
3763,1382.0,10500.0
9708,1761.0,10400.0
9671,3425.0,10400.0
6989,816.0,10400.0
4748,2561.0,10400.0
1555,1217.0,10350.0
9837,639.0,10300.0
3891,989.0,10300.0
2753,2803.0,10300.0
7899,316.0,10200.0
7769,588.0,10200.0
7482,1171.0,10200.0
7435,621.0,10200.0
7277,421.0,10200.0
6899,1270.0,10200.0
3726,518.0,10200.0
2922,1739.0,10200.0
2286,545.0,10200.0
1515,4105.0,10200.0
9610,174.0,10100.0
9605,14150.0,10100.0
6678,1700.0,10100.0
6356,275.0,10100.0
3434,900.0,10100.0
2894,216.0,10100.0
2778,222.0,10100.0
2325,1769.0,10100.0
6112,680.0,10000.0
3577,1120.0,10000.0
2487,1590.0,10000.0
2209,2155.0,10000.0
1367,11470.0,9930.0
9641,353.0,9900.0
6297,382.0,9900.0
6257,701.0,9900.0
4994,2638.0,9900.0
3770,373.0,9900.0
3768,1585.0,9900.0
2138,995.0,9900.0
1771,580.0,9900.0
3292,111700.0,9813.0
9436,4165.0,9800.0
3934,1504.0,9800.0
2332,1223.0,9800.0
1431,1915.0,9800.0
1325,155.0,9800.0
3309,70800.0,9796.0
7914,2645.0,9700.0
8551,1695.0,9600.0
6484,1630.0,9600.0
2207,1311.0,9600.0
9266,550.0,9500.0
8596,523.0,9500.0
4828,2554.0,9500.0
3540,4180.0,9500.0
2978,803.0,9500.0
1814,797.0,9500.0
6505,1137.0,9400.0
9663,7200.0,9300.0
8117,2138.0,9300.0
7885,661.0,9300.0
5950,98.0,9300.0
3850,3465.0,9300.0
9355,2250.0,9200.0
2376,686.0,9200.0
2108,1680.0,9200.0
1826,414.0,9200.0
7682,2395.0,9100.0
7602,259.0,9100.0
6763,1142.0,9100.0
4333,904.0,9100.0
9691,1957.0,9000.0
5614,266.0,9000.0
5464,2112.0,9000.0
2408,293.0,9000.0
8228,1153.0,8900.0
6542,780.0,8900.0
4492,2079.0,8900.0
3079,861.0,8900.0
2652,479.0,8900.0
1380,923.0,8900.0
8144,1018.0,8800.0
6031,1150.0,8800.0
5162,608.0,8800.0
9930,278.0,8700.0
7279,1154.0,8700.0
7058,3015.0,8700.0
6190,687.0,8700.0
5367,645.0,8700.0
4336,512.0,8700.0
3185,263.0,8700.0
3075,1036.0,8700.0
8293,1306.0,8600.0
3924,964.0,8600.0
2899,2100.0,8600.0
7314,457.0,8500.0
6932,602.0,8500.0
6743,595.0,8500.0
6337,849.0,8500.0
5368,909.0,8500.0
4987,391.0,8500.0
7078,1480.0,8400.0
6704,817.0,8400.0
5819,1621.0,8400.0
3956,272.0,8400.0
3501,1978.0,8400.0
3160,640.0,8400.0
6186,382.0,8300.0
3908,493.0,8300.0
3286,309.0,8300.0
2186,972.0,8300.0
1451,581.0,8300.0
8542,966.0,8200.0
7811,1438.0,8200.0
5951,683.0,8200.0
5304,6080.0,8200.0
5279,724.0,8200.0
1651,806.0,8110.0
8118,463.0,8100.0
7819,341.0,8100.0
6373,617.0,8100.0
3275,1257.0,8100.0
3041,239.0,8100.0
3032,303.0,8100.0
1905,892.0,8100.0
1436,703.0,8100.0
9367,630.0,8000.0
4653,990.0,8000.0
9795,1507.0,7900.0
7480,1175.0,7900.0
7079,2881.0,7900.0
6325,585.0,7900.0
3396,1051.0,7900.0
4734,534.0,7800.0
3960,3285.0,7800.0
3204,455.0,7800.0
1960,579.0,7800.0
1563,2418.0,7714.0
5491,590.0,7700.0
5476,333.0,7700.0
4342,3375.0,7700.0
7325,902.0,7600.0
7214,552.0,7600.0
5922,6760.0,7600.0
4224,1741.0,7600.0
3896,482.0,7600.0
2805,3955.0,7600.0
8912,100.0,7500.0
8416,615.0,7500.0
8209,663.0,7500.0
7637,1354.0,7500.0
6545,478.0,7500.0
5998,1385.0,7500.0
5185,649.0,7500.0
4667,1726.0,7500.0
1737,800.0,7500.0
9651,729.0,7400.0
7939,402.0,7400.0
5973,447.0,7400.0
3991,1346.0,7400.0
9081,3930.0,7300.0
6798,2420.0,7300.0
6125,2047.0,7300.0
3839,623.0,7300.0
2122,1275.0,7300.0
9312,1217.0,7200.0
8692,918.0,7200.0
8142,1807.0,7200.0
7865,755.0,7200.0
5956,495.0,7200.0
3814,558.0,7200.0
3347,161.0,7200.0
8986,105000.0,7119.0
8975,70000.0,7114.0
9656,420.0,7100.0
9322,977.0,7100.0
8090,578.0,7100.0
7551,489.0,7100.0
6218,877.0,7100.0
5610,640.0,7100.0
5184,1293.0,7100.0
3816,1579.0,7100.0
2152,897.0,7100.0
7898,1082.0,7000.0
4840,297.0,7000.0
8987,114500.0,6996.0
1656,2714.0,6915.0
9846,1125.0,6900.0
9791,766.0,6900.0
8087,1302.0,6900.0
6044,926.0,6900.0
3504,641.0,6900.0
3321,560.0,6900.0
2136,569.0,6900.0
8742,247.0,6800.0
8038,3275.0,6800.0
6626,2380.0,6800.0
4746,4025.0,6800.0
3295,123800.0,6793.0
3487,156500.0,6707.0
7037,703.0,6700.0
6848,846.0,6700.0
6639,1426.0,6700.0
3246,508.0,6700.0
2483,1174.0,6700.0
1770,781.0,6700.0
4231,452.0,6600.0
8903,443.0,6500.0
7850,698.0,6500.0
7713,1069.0,6500.0
2687,447.0,6500.0
8984,275700.0,6432.0
8135,204.0,6400.0
7063,2007.0,6400.0
6870,1490.0,6400.0
6658,203.0,6400.0
6233,419.0,6400.0
6217,873.0,6400.0
5941,959.0,6400.0
9932,1723.0,6300.0
9057,2840.0,6300.0
5983,5780.0,6300.0
3892,1058.0,6300.0
3320,534.0,6300.0
7959,2348.0,6200.0
7040,925.0,6200.0
6579,1552.0,6200.0
5999,1389.0,6200.0
5008,1910.0,6200.0
3489,1028.0,6200.0
2924,792.0,6200.0
1673,1959.0,6200.0
3269,345500.0,6195.0
9360,1012.0,6100.0
6863,792.0,6100.0
6832,2275.0,6100.0
6039,2077.0,6100.0
5187,950.0,6100.0
2519,1026.0,6060.0
7855,545.0,6000.0
7643,770.0,6000.0
6994,537.0,6000.0
6623,2200.0,6000.0
25935,2110.0,6000.0
2480,1217.0,6000.0
9885,358.0,5900.0
8208,1068.0,5900.0
7937,1812.0,5900.0
7208,579.0,5900.0
4754,936.0,5900.0
4720,390.0,5900.0
3344,664.0,5900.0
3143,1000.0,5900.0
1997,1441.0,5900.0
1884,7160.0,5900.0
7805,403.0,5800.0
7688,1442.0,5800.0
7087,743.0,5800.0
4925,4600.0,5800.0
4422,1255.0,5800.0
3083,391.0,5800.0
2970,1045.0,5800.0
3283,337000.0,5768.0
9966,1076.0,5700.0
9797,689.0,5700.0
8254,333.0,5700.0
6930,910.0,5700.0
6540,964.0,5700.0
6336,541.0,5700.0
5659,3245.0,5700.0
3848,1333.0,5700.0
3787,831.0,5700.0
3280,639.0,5700.0
1685,253.0,5700.0
9366,575.0,5600.0
9351,1363.0,5600.0
8537,1356.0,5600.0
7559,1490.0,5600.0
5997,530.0,5600.0
4973,2476.0,5600.0
4464,823.0,5600.0
4241,835.0,5600.0
3750,1524.0,5600.0
3294,687.0,5600.0
2820,2190.0,5600.0
2435,197.0,5600.0
9055,713.0,5500.0
8835,595.0,5500.0
7624,167.0,5500.0
4450,2510.0,5500.0
3166,1443.0,5500.0
3024,662.0,5500.0
2204,4010.0,5500.0
2164,823.0,5500.0
1728,229.0,5500.0
8951,598000.0,5411.0
9014,2130.0,5400.0
2769,984.0,5400.0
3249,188500.0,5352.0
6675,1512.0,5300.0
6485,2026.0,5300.0
4539,2410.0,5300.0
9927,2366.0,5200.0
9647,2630.0,5200.0
4462,1931.0,5200.0
3512,440.0,5200.0
3422,471.0,5200.0
3175,435.0,5200.0
1550,2416.0,5120.0
9823,2090.0,5100.0
7604,1228.0,5100.0
6654,1328.0,5100.0
6087,2574.0,5100.0
5757,2889.0,5100.0
4838,408.0,5100.0
4463,800.0,5100.0
2903,590.0,5100.0
2796,672.0,5100.0
2217,5400.0,5100.0
2215,982.0,5100.0
1670,114.0,5100.0
2046,6900.0,5039.0
7510,1387.0,5000.0
4678,420.0,5000.0
4625,686.0,5000.0
4031,1198.0,5000.0
3566,1233.0,5000.0
3524,1377.0,5000.0
3138,1169.0,5000.0
2588,2387.0,5000.0
2221,3625.0,5000.0
8798,2017.0,4900.0
8104,519.0,4900.0
5958,1937.0,4900.0
5936,647.0,4900.0
5356,421.0,4900.0
4640,432.0,4900.0
4361,928.0,4900.0
1401,702.0,4900.0
9942,820.0,4800.0
9812,283.0,4800.0
9695,263.0,4800.0
7931,1867.0,4800.0
6574,582.0,4800.0
4334,458.0,4800.0
4229,2552.0,4800.0
2763,1281.0,4800.0
1975,3035.0,4800.0
1866,2557.0,4800.0
7815,602.0,4700.0
7623,300.0,4700.0
5820,1170.0,4700.0
4240,385.0,4700.0
3682,820.0,4700.0
2692,4805.0,4700.0
1384,630.0,4700.0
7284,841.0,4600.0
6355,2081.0,4600.0
6338,473.0,4600.0
5603,1161.0,4600.0
5104,492.0,4600.0
3986,1550.0,4600.0
3370,488.0,4600.0
3068,1498.0,4600.0
2737,3615.0,4600.0
8955,297600.0,4516.0
7671,976.0,4500.0
7417,1487.0,4500.0
2762,314.0,4500.0
2402,655.0,4500.0
2373,1470.0,4500.0
1739,582.0,4500.0
8952,549000.0,4437.0
7461,487.0,4400.0
7305,1152.0,4400.0
6307,333.0,4400.0
3988,1441.0,4400.0
2819,2100.0,4400.0
2558,9540.0,4332.0
9176,237.0,4300.0
7932,3460.0,4300.0
7683,2600.0,4300.0
7477,651.0,4300.0
4409,498.0,4300.0
4094,969.0,4300.0
3830,1421.0,4300.0
3376,566.0,4300.0
3192,302.0,4300.0
3004,487.0,4300.0
9857,907.0,4200.0
9799,1133.0,4200.0
6469,550.0,4200.0
6037,618.0,4200.0
6025,1900.0,4200.0
4679,517.0,4200.0
3316,520.0,4200.0
2415,667.0,4200.0
3468,85300.0,4181.0
1557,33350.0,4143.0
8091,1791.0,4100.0
8075,1805.0,4100.0
6083,624.0,4100.0
6063,815.0,4100.0
3953,708.0,4100.0
1867,2483.0,4100.0
8957,138000.0,4098.0
2511,999.0,4040.0
9319,945.0,4000.0
7711,582.0,4000.0
7481,1200.0,4000.0
6969,274.0,4000.0
6531,809.0,4000.0
5974,513.0,4000.0
4222,357.0,4000.0
3513,1123.0,4000.0
3157,999.0,4000.0
3493,152400.0,3994.0
1474,14010.0,3926.0
9996,1690.0,3900.0
9078,901.0,3900.0
8041,2571.0,3900.0
5992,2621.0,3900.0
5982,1758.0,3900.0
4929,942.0,3900.0
3329,1196.0,3900.0
3466,178000.0,3862.0
8968,123100.0,3843.0
2521,1094.0,3840.0
7749,3525.0,3800.0
7538,224.0,3800.0
7505,2015.0,3800.0
4783,541.0,3800.0
4387,4750.0,3800.0
3399,1888.0,3800.0
3131,1355.0,3800.0
2789,432.0,3800.0
2512,1057.0,3720.0
8139,154.0,3700.0
7533,971.0,3700.0
6549,840.0,3700.0
5212,534.0,3700.0
3089,938.0,3700.0
2499,324.0,3700.0
3234,138500.0,3694.0
8956,114100.0,3660.0
2514,1095.0,3630.0
9872,911.0,3600.0
7561,1013.0,3600.0
5271,1600.0,3600.0
4972,1197.0,3600.0
3388,1361.0,3600.0
3223,587.0,3600.0
2902,1782.0,3600.0
9644,1277.0,3500.0
9033,991.0,3500.0
6358,2036.0,3500.0
6074,397.0,3500.0
5965,650.0,3500.0
1658,1839.0,3453.0
3492,84000.0,3432.0
9035,615.0,3400.0
8560,849.0,3400.0
8349,942.0,3400.0
7634,3885.0,3400.0
6822,3520.0,3400.0
3877,1438.0,3400.0
3849,2807.0,3400.0
3352,1148.0,3400.0
1311,727.0,3400.0
2031,9620.0,3345.0
2563,2021.0,3306.0
8961,127600.0,3302.0
9986,1400.0,3300.0
7863,404.0,3300.0
7808,1205.0,3300.0
7122,1160.0,3300.0
7080,2743.0,3300.0
6467,466.0,3300.0
2814,1553.0,3300.0
9631,4280.0,3200.0
9272,1600.0,3200.0
9074,3165.0,3200.0
7525,1608.0,3200.0
7036,1762.0,3200.0
6236,545.0,3200.0
6138,1322.0,3200.0
3997,732.0,3200.0
2107,1150.0,3200.0
1992,799.0,3200.0
1777,512.0,3200.0
7539,807.0,3100.0
5204,1758.0,3100.0
4966,6710.0,3100.0
4355,291.0,3100.0
3184,1509.0,3100.0
2654,509.0,3100.0
2058,989.0,3100.0
1994,484.0,3100.0
1972,2031.0,3100.0
8964,321500.0,3036.0
1657,2162.0,3023.0
3278,199000.0,3006.0
9731,2719.0,3000.0
7677,1535.0,3000.0
7062,629.0,3000.0
6633,308.0,3000.0
6382,682.0,3000.0
6380,605.0,3000.0
6265,1499.0,3000.0
4962,1087.0,3000.0
2393,1321.0,3000.0
1939,2360.0,3000.0
1680,2470.0,2990.0
8972,598000.0,2980.0
9782,1541.0,2900.0
7460,1650.0,2900.0
7057,799.0,2900.0
6578,398.0,2900.0
4517,2219.0,2900.0
3800,1825.0,2900.0
3733,10620.0,2900.0
3420,1973.0,2900.0
3173,706.0,2900.0
1892,3000.0,2900.0
8958,97600.0,2860.0
1489,26950.0,2825.0
8052,3210.0,2800.0
7812,946.0,2800.0
7292,2381.0,2800.0
6565,1055.0,2800.0
6267,1990.0,2800.0
6156,1302.0,2800.0
5199,2350.0,2800.0
3474,302.0,2800.0
3171,2548.0,2800.0
8976,569000.0,2798.0
8977,118300.0,2762.0
8119,2616.0,2700.0
7619,687.0,2700.0
6957,2050.0,2700.0
6898,940.0,2700.0
6161,4880.0,2700.0
5928,268.0,2700.0
3645,445.0,2700.0
3282,344000.0,2700.0
2003,5820.0,2700.0
3453,189800.0,2689.0
1457,7130.0,2661.0
8966,98400.0,2613.0
2972,99900.0,2601.0
9906,1440.0,2600.0
9661,5210.0,2600.0
9446,530.0,2600.0
9421,931.0,2600.0
9363,229.0,2600.0
8247,290.0,2600.0
7922,288.0,2600.0
7723,4415.0,2600.0
7614,1305.0,2600.0
7229,1610.0,2600.0
7169,2250.0,2600.0
4926,1901.0,2600.0
4650,374.0,2600.0
4380,1404.0,2600.0
3297,850.0,2600.0
1488,1715.0,2600.0
1554,2110.0,2560.0
3287,425000.0,2532.0
9632,8000.0,2500.0
9206,3010.0,2500.0
6998,1800.0,2500.0
6715,1360.0,2500.0
6147,378.0,2500.0
6131,602.0,2500.0
4918,694.0,2500.0
4832,3055.0,2500.0
4762,970.0,2500.0
4234,461.0,2500.0
2831,2929.0,2500.0
2818,1620.0,2500.0
1572,10990.0,2430.0
2979,147000.0,2413.0
8967,307000.0,2407.0
9908,1111.0,2400.0
8007,1771.0,2400.0
7678,1490.0,2400.0
7570,1990.0,2400.0
7228,1424.0,2400.0
6173,655.0,2400.0
5900,726.0,2400.0
3293,1374.0,2400.0
2608,1075.0,2400.0
9761,1375.0,2300.0
8115,634.0,2300.0
7837,872.0,2300.0
7807,770.0,2300.0
7506,1583.0,2300.0
7073,3610.0,2300.0
6279,4700.0,2300.0
6061,1702.0,2300.0
5915,1401.0,2300.0
5644,1101.0,2300.0
5609,600.0,2300.0
5277,302.0,2300.0
4635,1975.0,2300.0
4299,1927.0,2300.0
3945,1324.0,2300.0
3241,270.0,2300.0
1369,22400.0,2243.0
9268,811.0,2200.0
8181,950.0,2200.0
7953,365.0,2200.0
6874,2003.0,2200.0
6408,2485.0,2200.0
6322,1500.0,2200.0
5699,1649.0,2200.0
5280,883.0,2200.0
4093,1231.0,2200.0
3583,733.0,2200.0
3047,231.0,2200.0
2798,1823.0,2200.0
1352,896.0,2200.0
1473,1550.0,2110.0
8365,2195.0,2100.0
7681,1666.0,2100.0
7064,1800.0,2100.0
6647,1729.0,2100.0
6249,1136.0,2100.0
3944,2667.0,2100.0
3775,770.0,2100.0
2747,2974.0,2100.0
2599,1180.0,2100.0
3463,62700.0,2070.0
1681,1440.0,2060.0
3296,314000.0,2048.0
3279,351000.0,2046.0
2044,12950.0,2011.0
9763,1488.0,2000.0
9051,704.0,2000.0
8066,6600.0,2000.0
7523,496.0,2000.0
7217,504.0,2000.0
6663,393.0,2000.0
6492,2408.0,2000.0
6405,1701.0,2000.0
6149,1735.0,2000.0
6016,506.0,2000.0
5807,2111.0,2000.0
5542,814.0,2000.0
5070,1071.0,2000.0
4616,1315.0,2000.0
3766,622.0,2000.0
2976,719.0,2000.0
1418,183.0,2000.0
1381,2533.0,2000.0
1477,1700.0,1951.0
9977,2650.0,1900.0
9723,594.0,1900.0
9720,2965.0,1900.0
9439,200.0,1900.0
7986,1000.0,1900.0
7946,653.0,1900.0
7916,1486.0,1900.0
7444,1741.0,1900.0
7185,1864.0,1900.0
7042,751.0,1900.0
6772,696.0,1900.0
6643,1504.0,1900.0
5268,735.0,1900.0
5261,3340.0,1900.0
4623,1686.0,1900.0
2883,2004.0,1900.0
2349,1436.0,1900.0
2344,848.0,1900.0
1420,628.0,1900.0
1383,2078.0,1900.0
1497,2215.0,1897.0
1309,38400.0,1865.0
1577,17660.0,1854.0
3471,522000.0,1819.0
1660,8840.0,1803.0
9713,1320.0,1800.0
8257,1760.0,1800.0
8190,691.0,1800.0
7938,2170.0,1800.0
7809,1498.0,1800.0
7070,339.0,1800.0
6637,1018.0,1800.0
6137,2031.0,1800.0
4952,861.0,1800.0
3947,1350.0,1800.0
3057,733.0,1800.0
2804,1136.0,1800.0
2669,3130.0,1800.0
1575,724.0,1790.0
3488,88100.0,1723.0
9028,856.0,1700.0
7883,386.0,1700.0
7875,634.0,1700.0
7804,1080.0,1700.0
7501,706.0,1700.0
6973,1155.0,1700.0
6944,1770.0,1700.0
6797,830.0,1700.0
6496,2488.0,1700.0
6042,1920.0,1700.0
5724,1230.0,1700.0
4627,1063.0,1700.0
3640,2125.0,1700.0
1631,6800.0,1642.0
1472,1552.0,1635.0
9701,3100.0,1600.0
9271,555.0,1600.0
8025,1125.0,1600.0
7443,501.0,1600.0
7264,974.0,1600.0
6424,990.0,1600.0
6362,2430.0,1600.0
6164,934.0,1600.0
5923,2373.0,1600.0
5461,717.0,1600.0
3670,1802.0,1600.0
3375,1004.0,1600.0
3306,293.0,1600.0
3123,399.0,1600.0
2917,783.0,1600.0
2816,1195.0,1600.0
2172,331.0,1600.0
1798,2210.0,1600.0
1439,967.0,1600.0
1322,6600.0,1540.0
2971,113100.0,1521.0
8996,458.0,1500.0
8898,1190.0,1500.0
8889,534.0,1500.0
8554,800.0,1500.0
7961,1472.0,1500.0
7726,746.0,1500.0
6894,1642.0,1500.0
6466,1730.0,1500.0
6076,708.0,1500.0
5939,5920.0,1500.0
4341,890.0,1500.0
3948,380.0,1500.0
2750,375.0,1500.0
2493,873.0,1500.0
2406,497.0,1500.0
2208,1816.0,1500.0
2114,510.0,1500.0
1811,3680.0,1500.0
2559,9450.0,1495.0
2522,2554.0,1472.0
3226,674000.0,1426.0
3478,92600.0,1424.0
3473,74800.0,1418.0
2042,10680.0,1410.0
9734,774.0,1400.0
9640,2140.0,1400.0
7983,1665.0,1400.0
7870,405.0,1400.0
7425,2970.0,1400.0
7089,1692.0,1400.0
7076,6200.0,1400.0
5906,308.0,1400.0
4673,1950.0,1400.0
2675,1290.0,1400.0
9637,3100.0,1300.0
9171,311.0,1300.0
9029,488.0,1300.0
8709,650.0,1300.0
8215,981.0,1300.0
7923,492.0,1300.0
7297,826.0,1300.0
7045,1205.0,1300.0
6575,674.0,1300.0
6546,1271.0,1300.0
6286,490.0,1300.0
4524,1899.0,1300.0
4243,686.0,1300.0
4242,1721.0,1300.0
3544,1977.0,1300.0
3490,1063.0,1300.0
3317,1320.0,1300.0
3059,899.0,1300.0
1793,4420.0,1300.0
1450,3205.0,1300.0
1382,909.0,1300.0
3481,439000.0,1262.0
3451,100000.0,1244.0
9959,420.0,1200.0
9941,610.0,1200.0
9365,1300.0,1200.0
9313,587.0,1200.0
9083,3170.0,1200.0
8085,1754.0,1200.0
7768,2560.0,1200.0
7675,1800.0,1200.0
7621,3115.0,1200.0
7585,755.0,1200.0
7399,473.0,1200.0
6439,514.0,1200.0
6396,2250.0,1200.0
6391,1880.0,1200.0
6295,305.0,1200.0
6085,549.0,1200.0
5697,339.0,1200.0
5446,1085.0,1200.0
4771,1243.0,1200.0
3261,364.0,1200.0
3248,535.0,1200.0
3190,535.0,1200.0
3058,851.0,1200.0
2612,3670.0,1200.0
2293,2846.0,1200.0
1672,18950.0,1151.0
3459,103800.0,1146.0
1593,14380.0,1139.0
1592,1270.0,1130.0
9063,2300.0,1100.0
8147,960.0,1100.0
7999,1500.0,1100.0
7945,1279.0,1100.0
7886,849.0,1100.0
7849,2099.0,1100.0
7235,562.0,1100.0
6852,1303.0,1100.0
5921,2247.0,1100.0
4999,669.0,1100.0
4629,1228.0,1100.0
3712,2630.0,1100.0
3346,136.0,1100.0
3326,472.0,1100.0
3322,770.0,1100.0
3177,1655.0,1100.0
2668,1035.0,1100.0
2653,1900.0,1100.0
2557,1527.0,1100.0
1971,596.0,1100.0
1674,8800.0,1043.0
2047,6300.0,1041.0
1578,1778.0,1002.0
7827,804.0,1000.0
7299,2436.0,1000.0
7273,900.0,1000.0
7265,2338.0,1000.0
7021,1298.0,1000.0
6392,2174.0,1000.0
5695,2845.0,1000.0
5010,216.0,1000.0
4247,1700.0,1000.0
3426,1341.0,1000.0
3077,490.0,1000.0
2916,641.0,1000.0
2216,1495.0,1000.0
1904,1907.0,1000.0
2562,2203.0,910.0
8700,811.0,900.0
7985,1465.0,900.0
7847,375.0,900.0
7091,2930.0,900.0
6248,1026.0,900.0
6144,1008.0,900.0
6018,1820.0,900.0
5458,581.0,900.0
4761,817.0,900.0
4690,3335.0,900.0
4327,2035.0,900.0
3936,1350.0,900.0
3560,4000.0,900.0
3437,4630.0,900.0
2573,3810.0,900.0
2449,1238.0,900.0
2425,498.0,900.0
3472,61300.0,896.0
1697,1755.0,890.0
2513,1049.0,810.0
9955,1604.0,800.0
9687,1865.0,800.0
9444,501.0,800.0
9059,775.0,800.0
8398,1767.0,800.0
7578,787.0,800.0
7521,1900.0,800.0
7472,2641.0,800.0
5990,2170.0,800.0
5984,622.0,800.0
5967,2531.0,800.0
5781,734.0,800.0
5742,802.0,800.0
4107,2932.0,800.0
3557,1025.0,800.0
3442,520.0,800.0
3066,749.0,800.0
3055,745.0,800.0
2708,738.0,800.0
2481,381.0,800.0
2156,282.0,800.0
1758,5280.0,800.0
1444,3490.0,800.0
1469,3890.0,750.0
1466,3905.0,735.0
3470,96900.0,722.0
1599,13940.0,718.0
1559,2891.0,705.0
9852,2061.0,700.0
9818,1298.0,700.0
9767,975.0,700.0
9049,2661.0,700.0
8886,1450.0,700.0
8039,844.0,700.0
8006,2800.0,700.0
7991,722.0,700.0
7635,928.0,700.0
6543,1138.0,700.0
6497,1021.0,700.0
6365,2680.0,700.0
5969,2100.0,700.0
5918,4725.0,700.0
5907,3605.0,700.0
5607,390.0,700.0
5355,2516.0,700.0
3435,938.0,700.0
3224,886.0,700.0
2919,3125.0,700.0
2700,3300.0,700.0
2391,1507.0,700.0
2304,276.0,700.0
1799,1837.0,700.0
1764,1990.0,700.0
1399,1290.0,670.0
1623,10510.0,667.0
3455,122900.0,636.0
1344,705.0,620.0
1626,24360.0,602.0
9950,2919.0,600.0
9636,3060.0,600.0
9408,1251.0,600.0
8559,520.0,600.0
8249,877.0,600.0
8123,1104.0,600.0
7565,2500.0,600.0
7485,8310.0,600.0
7434,1588.0,600.0
6416,616.0,600.0
6411,6260.0,600.0
6360,1858.0,600.0
6271,1105.0,600.0
5994,1774.0,600.0
5905,949.0,600.0
5343,149.0,600.0
4957,520.0,600.0
4621,800.0,600.0
3841,1210.0,600.0
3597,6000.0,600.0
3045,971.0,600.0
2830,2303.0,600.0
2736,1256.0,600.0
2551,4070.0,600.0
2268,3900.0,600.0
2226,4740.0,600.0
2224,2402.0,600.0
2179,812.0,600.0
1795,3165.0,600.0
1723,3090.0,600.0
1679,24300.0,590.0
2529,852.0,558.0
2556,1693.0,550.0
2520,966.0,550.0
8979,213800.0,536.0
1573,7070.0,530.0
1566,43700.0,507.0
9820,2671.0,500.0
9476,451.0,500.0
9082,987.0,500.0
9036,838.0,500.0
9027,2730.0,500.0
8143,711.0,500.0
8045,817.0,500.0
8030,2659.0,500.0
7957,1499.0,500.0
7670,547.0,500.0
7502,329.0,500.0
7500,3850.0,500.0
7218,696.0,500.0
6299,1837.0,500.0
6060,926.0,500.0
5993,630.0,500.0
5971,3420.0,500.0
3477,820.0,500.0
3174,910.0,500.0
2892,1499.0,500.0
2300,496.0,500.0
1782,5250.0,500.0
1776,809.0,500.0
1736,2422.0,500.0
2523,1427.0,480.0
1619,18190.0,480.0
1677,50900.0,440.0
1591,13960.0,416.0
9283,100700.0,401.0
9964,1635.0,400.0
9895,1281.0,400.0
9853,834.0,400.0
9441,4760.0,400.0
9193,620.0,400.0
9087,1677.0,400.0
8891,492.0,400.0
8046,1970.0,400.0
7975,1657.0,400.0
7887,5010.0,400.0
7841,448.0,400.0
7323,1922.0,400.0
7255,517.0,400.0
7227,821.0,400.0
5753,1427.0,400.0
5484,1424.0,400.0
4645,387.0,400.0
4351,520.0,400.0
3494,1080.0,400.0
2872,3300.0,400.0
2761,6080.0,400.0
1652,1975.0,400.0
1691,1700.0,396.0
2526,14100.0,385.0
2517,964.0,370.0
2530,12010.0,368.0
3290,251500.0,359.0
2552,1772.0,350.0
1560,4000.0,350.0
2067,9400.0,347.0
2555,1688.0,330.0
1481,1529.0,308.0
1633,21980.0,304.0
9733,5750.0,300.0
9040,3245.0,300.0
8225,1300.0,300.0
8076,738.0,300.0
7896,1344.0,300.0
7894,1860.0,300.0
7869,2595.0,300.0
7562,4850.0,300.0
6403,2310.0,300.0
6022,1430.0,300.0
5966,1880.0,300.0
5964,909.0,300.0
4760,1339.0,300.0
4752,733.0,300.0
4642,915.0,300.0
4124,1387.0,300.0
3974,1179.0,300.0
3824,640.0,300.0
3439,2219.0,300.0
3065,1780.0,300.0
2911,2069.0,300.0
2777,756.0,300.0
2683,1176.0,300.0
1622,17100.0,295.0
9282,56500.0,273.0
2553,1224.0,270.0
9284,113300.0,263.0
1687,408.0,260.0
9287,93000.0,256.0
9281,111400.0,244.0
1551,4380.0,240.0
1484,1508.0,240.0
2037,5830.0,227.0
1313,2541.0,220.0
2032,5990.0,215.0
2510,1002.0,210.0
9976,1650.0,200.0
9776,1515.0,200.0
9686,990.0,200.0
9362,1109.0,200.0
9353,1673.0,200.0
9127,588.0,200.0
9085,3970.0,200.0
8995,541.0,200.0
8854,1669.0,200.0
8152,1571.0,200.0
8145,2301.0,200.0
7902,766.0,200.0
7901,2140.0,200.0
7879,604.0,200.0
7446,3140.0,200.0
7175,977.0,200.0
6655,893.0,200.0
6346,3425.0,200.0
6150,2400.0,200.0
5935,3935.0,200.0
5189,4645.0,200.0
4624,3075.0,200.0
4119,1710.0,200.0
3954,1620.0,200.0
3495,1374.0,200.0
2754,427.0,200.0
1981,804.0,200.0
1743,3670.0,200.0
1734,3560.0,200.0
1438,1380.0,200.0
1323,330.0,200.0
2528,959.0,170.0
1576,700.0,170.0
1398,1697.0,170.0
1312,17820.0,143.0
9286,93800.0,132.0
1464,9250.0,113.0
1495,9890.0,110.0
2518,915.0,109.0
1543,62500.0,104.0
1483,1499.0,104.0
9285,96500.0,102.0
9929,413.0,100.0
9909,1691.0,100.0
9849,4495.0,100.0
9829,1518.0,100.0
9780,2897.0,100.0
9778,4600.0,100.0
9643,9630.0,100.0
9635,2111.0,100.0
9471,1660.0,100.0
9361,1180.0,100.0
9359,821.0,100.0
9173,2312.0,100.0
9077,2170.0,100.0
9073,507.0,100.0
8301,29980.0,100.0
8071,2106.0,100.0
7555,679.0,100.0
7490,869.0,100.0
7486,741.0,100.0
7464,7450.0,100.0
7462,2490.0,100.0
7426,713.0,100.0
7413,1960.0,100.0
7219,2579.0,100.0
6943,3695.0,100.0
6846,841.0,100.0
6142,1356.0,100.0
6111,1910.0,100.0
5962,1719.0,100.0
5380,1947.0,100.0
5217,16400.0,100.0
4995,981.0,100.0
4976,1985.0,100.0
4920,1544.0,100.0
4685,8600.0,100.0
3943,1840.0,100.0
3847,3295.0,100.0
3803,540.0,100.0
3537,979.0,100.0
3419,1130.0,100.0
3353,6920.0,100.0
2974,751.0,100.0
2923,3870.0,100.0
2905,1187.0,100.0
2813,2750.0,100.0
2714,577.0,100.0
2291,1852.0,100.0
2218,2060.0,100.0
2185,2070.0,100.0
1948,4925.0,100.0
1869,1100.0,100.0
1787,4010.0,100.0
1775,1885.0,100.0
1683,5350.0,100.0
1391,2270.0,93.0
2045,12000.0,90.0
1392,2115.0,90.0
1498,11460.0,81.0
2034,8570.0,71.0
1385,4110.0,70.0
1389,7510.0,67.0
8421,226000.0,64.0
1621,24870.0,61.0
1390,4430.0,61.0
1494,15160.0,57.0
1628,14260.0,49.0
1618,8340.0,44.0
2554,1024.0,40.0
1585,1207.0,40.0
1553,2362.0,40.0
1327,2579.0,40.0
1632,10520.0,36.0
1386,7320.0,35.0
1486,22260.0,32.0
1364,14310.0,32.0
2527,978.0,30.0
2524,1584.0,30.0
1694,1428.0,30.0
1625,20900.0,30.0
1596,1375.0,30.0
1468,6750.0,30.0
1487,19720.0,28.0
1493,12630.0,25.0
1470,18500.0,22.0
1693,2972.0,20.0
1653,1966.0,20.0
1492,12820.0,20.0
1467,8890.0,20.0
1617,26070.0,16.0
2048,8130.0,13.0
2033,8600.0,13.0
1627,6320.0,11.0
2043,10500.0,10.0
1629,29360.0,8.0
1465,6890.0,7.0
1349,12850.0,7.0
1675,21000.0,6.0
1394,24100.0,5.0
1393,32550.0,5.0
1630,20100.0,4.0
1479,19000.0,4.0
1388,11140.0,4.0
2050,9590.0,2.0
1620,22740.0,2.0
1586,1404.0,2.0
1499,8150.0,2.0
1397,22670.0,1.0
